[2026-09-22 10:47:44] local.ERROR: Function name must be a string {"userId":1,"exception":"[object] (Symfony\\Component\\Debug\\Exception\\FatalThrowableError(code: 0): Function name must be a string at C:\\Herd\\wakeupict\\vendor\\laravel\\framework\\src\\Illuminate\\Pipeline\\Pipeline.php:164)
[stacktrace]
#0 C:\\Herd\\wakeupict\\vendor\\laravel\\framework\\src\\Illuminate\\Routing\\Pipeline.php(53): Illuminate\\Pipeline\\Pipeline->Illuminate\\Pipeline\\{closure}(Object(Illuminate\\Http\\Request))
#1 C:\\Herd\\wakeupict\\vendor\\laravel\\framework\\src\\Illuminate\\Routing\\Middleware\\SubstituteBindings.php(41): Illuminate\\Routing\\Pipeline->Illuminate\\Routing\\{closure}(Object(Illuminate\\Http\\Request))
#2 C:\\Herd\\wakeupict\\vendor\\laravel\\framework\\src\\Illuminate\\Pipeline\\Pipeline.php(163): Illuminate\\Routing\\Middleware\\SubstituteBindings->handle(Object(Illuminate\\Http\\Request), Object(Closure))
#3 C:\\Herd\\wakeupict\\vendor\\laravel\\framework\\src\\Illuminate\\Routing\\Pipeline.php(53): Illuminate\\Pipeline\\Pipeline->Illuminate\\Pipeline\\{closure}(Object(Illuminate\\Http\\Request))
#4 C:\\Herd\\wakeupict\\vendor\\laravel\\framework\\src\\Illuminate\\Foundation\\Http\\Middleware\\VerifyCsrfToken.php(75): Illuminate\\Routing\\Pipeline->Illuminate\\Routing\\{closure}(Object(Illuminate\\Http\\Request))
#5 C:\\Herd\\wakeupict\\vendor\\laravel\\framework\\src\\Illuminate\\Pipeline\\Pipeline.php(163): Illuminate\\Foundation\\Http\\Middleware\\VerifyCsrfToken->handle(Object(Illuminate\\Http\\Request), Object(Closure))
#6 C:\\Herd\\wakeupict\\vendor\\laravel\\framework\\src\\Illuminate\\Routing\\Pipeline.php(53): Illuminate\\Pipeline\\Pipeline->Illuminate\\Pipeline\\{closure}(Object(Illuminate\\Http\\Request))
#7 C:\\Herd\\wakeupict\\vendor\\laravel\\framework\\src\\Illuminate\\View\\Middleware\\ShareErrorsFromSession.php(49): Illuminate\\Routing\\Pipeline->Illuminate\\Routing\\{closure}(Object(Illuminate\\Http\\Request))
#8 C:\\Herd\\wakeupict\\vendor\\laravel\\framework\\src\\Illuminate\\Pipeline\\Pipeline.php(163): Illuminate\\View\\Middleware\\ShareErrorsFromSession->handle(Object(Illuminate\\Http\\Request), Object(Closure))
#9 C:\\Herd\\wakeupict\\vendor\\laravel\\framework\\src\\Illuminate\\Routing\\Pipeline.php(53): Illuminate\\Pipeline\\Pipeline->Illuminate\\Pipeline\\{closure}(Object(Illuminate\\Http\\Request))
#10 C:\\Herd\\wakeupict\\vendor\\laravel\\framework\\src\\Illuminate\\Session\\Middleware\\StartSession.php(56): Illuminate\\Routing\\Pipeline->Illuminate\\Routing\\{closure}(Object(Illuminate\\Http\\Request))
#11 C:\\Herd\\wakeupict\\vendor\\laravel\\framework\\src\\Illuminate\\Pipeline\\Pipeline.php(163): Illuminate\\Session\\Middleware\\StartSession->handle(Object(Illuminate\\Http\\Request), Object(Closure))
#12 C:\\Herd\\wakeupict\\vendor\\laravel\\framework\\src\\Illuminate\\Routing\\Pipeline.php(53): Illuminate\\Pipeline\\Pipeline->Illuminate\\Pipeline\\{closure}(Object(Illuminate\\Http\\Request))
#13 C:\\Herd\\wakeupict\\vendor\\laravel\\framework\\src\\Illuminate\\Cookie\\Middleware\\AddQueuedCookiesToResponse.php(37): Illuminate\\Routing\\Pipeline->Illuminate\\Routing\\{closure}(Object(Illuminate\\Http\\Request))
#14 C:\\Herd\\wakeupict\\vendor\\laravel\\framework\\src\\Illuminate\\Pipeline\\Pipeline.php(163): Illuminate\\Cookie\\Middleware\\AddQueuedCookiesToResponse->handle(Object(Illuminate\\Http\\Request), Object(Closure))
#15 C:\\Herd\\wakeupict\\vendor\\laravel\\framework\\src\\Illuminate\\Routing\\Pipeline.php(53): Illuminate\\Pipeline\\Pipeline->Illuminate\\Pipeline\\{closure}(Object(Illuminate\\Http\\Request))
#16 C:\\Herd\\wakeupict\\vendor\\laravel\\framework\\src\\Illuminate\\Cookie\\Middleware\\EncryptCookies.php(66): Illuminate\\Routing\\Pipeline->Illuminate\\Routing\\{closure}(Object(Illuminate\\Http\\Request))
#17 C:\\Herd\\wakeupict\\vendor\\laravel\\framework\\src\\Illuminate\\Pipeline\\Pipeline.php(163): Illuminate\\Cookie\\Middleware\\EncryptCookies->handle(Object(Illuminate\\Http\\Request), Object(Closure))
#18 C:\\Herd\\wakeupict\\vendor\\laravel\\framework\\src\\Illuminate\\Routing\\Pipeline.php(53): Illuminate\\Pipeline\\Pipeline->Illuminate\\Pipeline\\{closure}(Object(Illuminate\\Http\\Request))
#19 C:\\Herd\\wakeupict\\vendor\\laravel\\framework\\src\\Illuminate\\Pipeline\\Pipeline.php(104): Illuminate\\Routing\\Pipeline->Illuminate\\Routing\\{closure}(Object(Illuminate\\Http\\Request))
#20 C:\\Herd\\wakeupict\\vendor\\laravel\\framework\\src\\Illuminate\\Routing\\Router.php(682): Illuminate\\Pipeline\\Pipeline->then(Object(Closure))
#21 C:\\Herd\\wakeupict\\vendor\\laravel\\framework\\src\\Illuminate\\Routing\\Router.php(657): Illuminate\\Routing\\Router->runRouteWithinStack(Object(Illuminate\\Routing\\Route), Object(Illuminate\\Http\\Request))
#22 C:\\Herd\\wakeupict\\vendor\\laravel\\framework\\src\\Illuminate\\Routing\\Router.php(623): Illuminate\\Routing\\Router->runRoute(Object(Illuminate\\Http\\Request), Object(Illuminate\\Routing\\Route))
#23 C:\\Herd\\wakeupict\\vendor\\laravel\\framework\\src\\Illuminate\\Routing\\Router.php(612): Illuminate\\Routing\\Router->dispatchToRoute(Object(Illuminate\\Http\\Request))
#24 C:\\Herd\\wakeupict\\vendor\\laravel\\framework\\src\\Illuminate\\Foundation\\Http\\Kernel.php(176): Illuminate\\Routing\\Router->dispatch(Object(Illuminate\\Http\\Request))
#25 C:\\Herd\\wakeupict\\vendor\\laravel\\framework\\src\\Illuminate\\Routing\\Pipeline.php(30): Illuminate\\Foundation\\Http\\Kernel->Illuminate\\Foundation\\Http\\{closure}(Object(Illuminate\\Http\\Request))
#26 C:\\Herd\\wakeupict\\vendor\\laravel\\framework\\src\\Illuminate\\Foundation\\Http\\Middleware\\TransformsRequest.php(21): Illuminate\\Routing\\Pipeline->Illuminate\\Routing\\{closure}(Object(Illuminate\\Http\\Request))
#27 C:\\Herd\\wakeupict\\vendor\\laravel\\framework\\src\\Illuminate\\Pipeline\\Pipeline.php(163): Illuminate\\Foundation\\Http\\Middleware\\TransformsRequest->handle(Object(Illuminate\\Http\\Request), Object(Closure))
#28 C:\\Herd\\wakeupict\\vendor\\laravel\\framework\\src\\Illuminate\\Routing\\Pipeline.php(53): Illuminate\\Pipeline\\Pipeline->Illuminate\\Pipeline\\{closure}(Object(Illuminate\\Http\\Request))
#29 C:\\Herd\\wakeupict\\vendor\\laravel\\framework\\src\\Illuminate\\Foundation\\Http\\Middleware\\TransformsRequest.php(21): Illuminate\\Routing\\Pipeline->Illuminate\\Routing\\{closure}(Object(Illuminate\\Http\\Request))
#30 C:\\Herd\\wakeupict\\vendor\\laravel\\framework\\src\\Illuminate\\Pipeline\\Pipeline.php(163): Illuminate\\Foundation\\Http\\Middleware\\TransformsRequest->handle(Object(Illuminate\\Http\\Request), Object(Closure))
#31 C:\\Herd\\wakeupict\\vendor\\laravel\\framework\\src\\Illuminate\\Routing\\Pipeline.php(53): Illuminate\\Pipeline\\Pipeline->Illuminate\\Pipeline\\{closure}(Object(Illuminate\\Http\\Request))
#32 C:\\Herd\\wakeupict\\vendor\\laravel\\framework\\src\\Illuminate\\Foundation\\Http\\Middleware\\ValidatePostSize.php(27): Illuminate\\Routing\\Pipeline->Illuminate\\Routing\\{closure}(Object(Illuminate\\Http\\Request))
#33 C:\\Herd\\wakeupict\\vendor\\laravel\\framework\\src\\Illuminate\\Pipeline\\Pipeline.php(163): Illuminate\\Foundation\\Http\\Middleware\\ValidatePostSize->handle(Object(Illuminate\\Http\\Request), Object(Closure))
#34 C:\\Herd\\wakeupict\\vendor\\laravel\\framework\\src\\Illuminate\\Routing\\Pipeline.php(53): Illuminate\\Pipeline\\Pipeline->Illuminate\\Pipeline\\{closure}(Object(Illuminate\\Http\\Request))
#35 C:\\Herd\\wakeupict\\vendor\\laravel\\framework\\src\\Illuminate\\Foundation\\Http\\Middleware\\CheckForMaintenanceMode.php(62): Illuminate\\Routing\\Pipeline->Illuminate\\Routing\\{closure}(Object(Illuminate\\Http\\Request))
#36 C:\\Herd\\wakeupict\\vendor\\laravel\\framework\\src\\Illuminate\\Pipeline\\Pipeline.php(163): Illuminate\\Foundation\\Http\\Middleware\\CheckForMaintenanceMode->handle(Object(Illuminate\\Http\\Request), Object(Closure))
#37 C:\\Herd\\wakeupict\\vendor\\laravel\\framework\\src\\Illuminate\\Routing\\Pipeline.php(53): Illuminate\\Pipeline\\Pipeline->Illuminate\\Pipeline\\{closure}(Object(Illuminate\\Http\\Request))
#38 C:\\Herd\\wakeupict\\vendor\\fideloper\\proxy\\src\\TrustProxies.php(57): Illuminate\\Routing\\Pipeline->Illuminate\\Routing\\{closure}(Object(Illuminate\\Http\\Request))
#39 C:\\Herd\\wakeupict\\vendor\\laravel\\framework\\src\\Illuminate\\Pipeline\\Pipeline.php(163): Fideloper\\Proxy\\TrustProxies->handle(Object(Illuminate\\Http\\Request), Object(Closure))
#40 C:\\Herd\\wakeupict\\vendor\\laravel\\framework\\src\\Illuminate\\Routing\\Pipeline.php(53): Illuminate\\Pipeline\\Pipeline->Illuminate\\Pipeline\\{closure}(Object(Illuminate\\Http\\Request))
#41 C:\\Herd\\wakeupict\\vendor\\laravel\\framework\\src\\Illuminate\\Pipeline\\Pipeline.php(104): Illuminate\\Routing\\Pipeline->Illuminate\\Routing\\{closure}(Object(Illuminate\\Http\\Request))
#42 C:\\Herd\\wakeupict\\vendor\\laravel\\framework\\src\\Illuminate\\Foundation\\Http\\Kernel.php(151): Illuminate\\Pipeline\\Pipeline->then(Object(Closure))
#43 C:\\Herd\\wakeupict\\vendor\\laravel\\framework\\src\\Illuminate\\Foundation\\Http\\Kernel.php(116): Illuminate\\Foundation\\Http\\Kernel->sendRequestThroughRouter(Object(Illuminate\\Http\\Request))
#44 C:\\Herd\\wakeupict\\public\\index.php(55): Illuminate\\Foundation\\Http\\Kernel->handle(Object(Illuminate\\Http\\Request))
#45 C:\\Program Files\\Herd\esources\\app.asar.unpacked\esources\\valet\\server.php(139): require('C:\\\\Herd\\\\wakeupi...')
#46 {main}
"} 
[2026-09-22 10:47:52] local.ERROR: Function name must be a string {"userId":1,"exception":"[object] (Symfony\\Component\\Debug\\Exception\\FatalThrowableError(code: 0): Function name must be a string at C:\\Herd\\wakeupict\\vendor\\laravel\\framework\\src\\Illuminate\\Pipeline\\Pipeline.php:164)
[stacktrace]
#0 C:\\Herd\\wakeupict\\vendor\\laravel\\framework\\src\\Illuminate\\Routing\\Pipeline.php(53): Illuminate\\Pipeline\\Pipeline->Illuminate\\Pipeline\\{closure}(Object(Illuminate\\Http\\Request))
#1 C:\\Herd\\wakeupict\\vendor\\laravel\\framework\\src\\Illuminate\\Routing\\Middleware\\SubstituteBindings.php(41): Illuminate\\Routing\\Pipeline->Illuminate\\Routing\\{closure}(Object(Illuminate\\Http\\Request))
#2 C:\\Herd\\wakeupict\\vendor\\laravel\\framework\\src\\Illuminate\\Pipeline\\Pipeline.php(163): Illuminate\\Routing\\Middleware\\SubstituteBindings->handle(Object(Illuminate\\Http\\Request), Object(Closure))
#3 C:\\Herd\\wakeupict\\vendor\\laravel\\framework\\src\\Illuminate\\Routing\\Pipeline.php(53): Illuminate\\Pipeline\\Pipeline->Illuminate\\Pipeline\\{closure}(Object(Illuminate\\Http\\Request))
#4 C:\\Herd\\wakeupict\\vendor\\laravel\\framework\\src\\Illuminate\\Foundation\\Http\\Middleware\\VerifyCsrfToken.php(75): Illuminate\\Routing\\Pipeline->Illuminate\\Routing\\{closure}(Object(Illuminate\\Http\\Request))
#5 C:\\Herd\\wakeupict\\vendor\\laravel\\framework\\src\\Illuminate\\Pipeline\\Pipeline.php(163): Illuminate\\Foundation\\Http\\Middleware\\VerifyCsrfToken->handle(Object(Illuminate\\Http\\Request), Object(Closure))
#6 C:\\Herd\\wakeupict\\vendor\\laravel\\framework\\src\\Illuminate\\Routing\\Pipeline.php(53): Illuminate\\Pipeline\\Pipeline->Illuminate\\Pipeline\\{closure}(Object(Illuminate\\Http\\Request))
#7 C:\\Herd\\wakeupict\\vendor\\laravel\\framework\\src\\Illuminate\\View\\Middleware\\ShareErrorsFromSession.php(49): Illuminate\\Routing\\Pipeline->Illuminate\\Routing\\{closure}(Object(Illuminate\\Http\\Request))
#8 C:\\Herd\\wakeupict\\vendor\\laravel\\framework\\src\\Illuminate\\Pipeline\\Pipeline.php(163): Illuminate\\View\\Middleware\\ShareErrorsFromSession->handle(Object(Illuminate\\Http\\Request), Object(Closure))
#9 C:\\Herd\\wakeupict\\vendor\\laravel\\framework\\src\\Illuminate\\Routing\\Pipeline.php(53): Illuminate\\Pipeline\\Pipeline->Illuminate\\Pipeline\\{closure}(Object(Illuminate\\Http\\Request))
#10 C:\\Herd\\wakeupict\\vendor\\laravel\\framework\\src\\Illuminate\\Session\\Middleware\\StartSession.php(56): Illuminate\\Routing\\Pipeline->Illuminate\\Routing\\{closure}(Object(Illuminate\\Http\\Request))
#11 C:\\Herd\\wakeupict\\vendor\\laravel\\framework\\src\\Illuminate\\Pipeline\\Pipeline.php(163): Illuminate\\Session\\Middleware\\StartSession->handle(Object(Illuminate\\Http\\Request), Object(Closure))
#12 C:\\Herd\\wakeupict\\vendor\\laravel\\framework\\src\\Illuminate\\Routing\\Pipeline.php(53): Illuminate\\Pipeline\\Pipeline->Illuminate\\Pipeline\\{closure}(Object(Illuminate\\Http\\Request))
#13 C:\\Herd\\wakeupict\\vendor\\laravel\\framework\\src\\Illuminate\\Cookie\\Middleware\\AddQueuedCookiesToResponse.php(37): Illuminate\\Routing\\Pipeline->Illuminate\\Routing\\{closure}(Object(Illuminate\\Http\\Request))
#14 C:\\Herd\\wakeupict\\vendor\\laravel\\framework\\src\\Illuminate\\Pipeline\\Pipeline.php(163): Illuminate\\Cookie\\Middleware\\AddQueuedCookiesToResponse->handle(Object(Illuminate\\Http\\Request), Object(Closure))
#15 C:\\Herd\\wakeupict\\vendor\\laravel\\framework\\src\\Illuminate\\Routing\\Pipeline.php(53): Illuminate\\Pipeline\\Pipeline->Illuminate\\Pipeline\\{closure}(Object(Illuminate\\Http\\Request))
#16 C:\\Herd\\wakeupict\\vendor\\laravel\\framework\\src\\Illuminate\\Cookie\\Middleware\\EncryptCookies.php(66): Illuminate\\Routing\\Pipeline->Illuminate\\Routing\\{closure}(Object(Illuminate\\Http\\Request))
#17 C:\\Herd\\wakeupict\\vendor\\laravel\\framework\\src\\Illuminate\\Pipeline\\Pipeline.php(163): Illuminate\\Cookie\\Middleware\\EncryptCookies->handle(Object(Illuminate\\Http\\Request), Object(Closure))
#18 C:\\Herd\\wakeupict\\vendor\\laravel\\framework\\src\\Illuminate\\Routing\\Pipeline.php(53): Illuminate\\Pipeline\\Pipeline->Illuminate\\Pipeline\\{closure}(Object(Illuminate\\Http\\Request))
#19 C:\\Herd\\wakeupict\\vendor\\laravel\\framework\\src\\Illuminate\\Pipeline\\Pipeline.php(104): Illuminate\\Routing\\Pipeline->Illuminate\\Routing\\{closure}(Object(Illuminate\\Http\\Request))
#20 C:\\Herd\\wakeupict\\vendor\\laravel\\framework\\src\\Illuminate\\Routing\\Router.php(682): Illuminate\\Pipeline\\Pipeline->then(Object(Closure))
#21 C:\\Herd\\wakeupict\\vendor\\laravel\\framework\\src\\Illuminate\\Routing\\Router.php(657): Illuminate\\Routing\\Router->runRouteWithinStack(Object(Illuminate\\Routing\\Route), Object(Illuminate\\Http\\Request))
#22 C:\\Herd\\wakeupict\\vendor\\laravel\\framework\\src\\Illuminate\\Routing\\Router.php(623): Illuminate\\Routing\\Router->runRoute(Object(Illuminate\\Http\\Request), Object(Illuminate\\Routing\\Route))
#23 C:\\Herd\\wakeupict\\vendor\\laravel\\framework\\src\\Illuminate\\Routing\\Router.php(612): Illuminate\\Routing\\Router->dispatchToRoute(Object(Illuminate\\Http\\Request))
#24 C:\\Herd\\wakeupict\\vendor\\laravel\\framework\\src\\Illuminate\\Foundation\\Http\\Kernel.php(176): Illuminate\\Routing\\Router->dispatch(Object(Illuminate\\Http\\Request))
#25 C:\\Herd\\wakeupict\\vendor\\laravel\\framework\\src\\Illuminate\\Routing\\Pipeline.php(30): Illuminate\\Foundation\\Http\\Kernel->Illuminate\\Foundation\\Http\\{closure}(Object(Illuminate\\Http\\Request))
#26 C:\\Herd\\wakeupict\\vendor\\laravel\\framework\\src\\Illuminate\\Foundation\\Http\\Middleware\\TransformsRequest.php(21): Illuminate\\Routing\\Pipeline->Illuminate\\Routing\\{closure}(Object(Illuminate\\Http\\Request))
#27 C:\\Herd\\wakeupict\\vendor\\laravel\\framework\\src\\Illuminate\\Pipeline\\Pipeline.php(163): Illuminate\\Foundation\\Http\\Middleware\\TransformsRequest->handle(Object(Illuminate\\Http\\Request), Object(Closure))
#28 C:\\Herd\\wakeupict\\vendor\\laravel\\framework\\src\\Illuminate\\Routing\\Pipeline.php(53): Illuminate\\Pipeline\\Pipeline->Illuminate\\Pipeline\\{closure}(Object(Illuminate\\Http\\Request))
#29 C:\\Herd\\wakeupict\\vendor\\laravel\\framework\\src\\Illuminate\\Foundation\\Http\\Middleware\\TransformsRequest.php(21): Illuminate\\Routing\\Pipeline->Illuminate\\Routing\\{closure}(Object(Illuminate\\Http\\Request))
#30 C:\\Herd\\wakeupict\\vendor\\laravel\\framework\\src\\Illuminate\\Pipeline\\Pipeline.php(163): Illuminate\\Foundation\\Http\\Middleware\\TransformsRequest->handle(Object(Illuminate\\Http\\Request), Object(Closure))
#31 C:\\Herd\\wakeupict\\vendor\\laravel\\framework\\src\\Illuminate\\Routing\\Pipeline.php(53): Illuminate\\Pipeline\\Pipeline->Illuminate\\Pipeline\\{closure}(Object(Illuminate\\Http\\Request))
#32 C:\\Herd\\wakeupict\\vendor\\laravel\\framework\\src\\Illuminate\\Foundation\\Http\\Middleware\\ValidatePostSize.php(27): Illuminate\\Routing\\Pipeline->Illuminate\\Routing\\{closure}(Object(Illuminate\\Http\\Request))
#33 C:\\Herd\\wakeupict\\vendor\\laravel\\framework\\src\\Illuminate\\Pipeline\\Pipeline.php(163): Illuminate\\Foundation\\Http\\Middleware\\ValidatePostSize->handle(Object(Illuminate\\Http\\Request), Object(Closure))
#34 C:\\Herd\\wakeupict\\vendor\\laravel\\framework\\src\\Illuminate\\Routing\\Pipeline.php(53): Illuminate\\Pipeline\\Pipeline->Illuminate\\Pipeline\\{closure}(Object(Illuminate\\Http\\Request))
#35 C:\\Herd\\wakeupict\\vendor\\laravel\\framework\\src\\Illuminate\\Foundation\\Http\\Middleware\\CheckForMaintenanceMode.php(62): Illuminate\\Routing\\Pipeline->Illuminate\\Routing\\{closure}(Object(Illuminate\\Http\\Request))
#36 C:\\Herd\\wakeupict\\vendor\\laravel\\framework\\src\\Illuminate\\Pipeline\\Pipeline.php(163): Illuminate\\Foundation\\Http\\Middleware\\CheckForMaintenanceMode->handle(Object(Illuminate\\Http\\Request), Object(Closure))
#37 C:\\Herd\\wakeupict\\vendor\\laravel\\framework\\src\\Illuminate\\Routing\\Pipeline.php(53): Illuminate\\Pipeline\\Pipeline->Illuminate\\Pipeline\\{closure}(Object(Illuminate\\Http\\Request))
#38 C:\\Herd\\wakeupict\\vendor\\fideloper\\proxy\\src\\TrustProxies.php(57): Illuminate\\Routing\\Pipeline->Illuminate\\Routing\\{closure}(Object(Illuminate\\Http\\Request))
#39 C:\\Herd\\wakeupict\\vendor\\laravel\\framework\\src\\Illuminate\\Pipeline\\Pipeline.php(163): Fideloper\\Proxy\\TrustProxies->handle(Object(Illuminate\\Http\\Request), Object(Closure))
#40 C:\\Herd\\wakeupict\\vendor\\laravel\\framework\\src\\Illuminate\\Routing\\Pipeline.php(53): Illuminate\\Pipeline\\Pipeline->Illuminate\\Pipeline\\{closure}(Object(Illuminate\\Http\\Request))
#41 C:\\Herd\\wakeupict\\vendor\\laravel\\framework\\src\\Illuminate\\Pipeline\\Pipeline.php(104): Illuminate\\Routing\\Pipeline->Illuminate\\Routing\\{closure}(Object(Illuminate\\Http\\Request))
#42 C:\\Herd\\wakeupict\\vendor\\laravel\\framework\\src\\Illuminate\\Foundation\\Http\\Kernel.php(151): Illuminate\\Pipeline\\Pipeline->then(Object(Closure))
#43 C:\\Herd\\wakeupict\\vendor\\laravel\\framework\\src\\Illuminate\\Foundation\\Http\\Kernel.php(116): Illuminate\\Foundation\\Http\\Kernel->sendRequestThroughRouter(Object(Illuminate\\Http\\Request))
#44 C:\\Herd\\wakeupict\\public\\index.php(55): Illuminate\\Foundation\\Http\\Kernel->handle(Object(Illuminate\\Http\\Request))
#45 C:\\Program Files\\Herd\esources\\app.asar.unpacked\esources\\valet\\server.php(139): require('C:\\\\Herd\\\\wakeupi...')
#46 {main}
"} 
[2026-09-22 10:47:54] local.ERROR: Function name must be a string {"exception":"[object] (Symfony\\Component\\Debug\\Exception\\FatalThrowableError(code: 0): Function name must be a string at C:\\Herd\\wakeupict\\vendor\\laravel\\framework\\src\\Illuminate\\Pipeline\\Pipeline.php:164)
[stacktrace]
#0 C:\\Herd\\wakeupict\\vendor\\laravel\\framework\\src\\Illuminate\\Routing\\Pipeline.php(53): Illuminate\\Pipeline\\Pipeline->Illuminate\\Pipeline\\{closure}(Object(Illuminate\\Http\\Request))
#1 C:\\Herd\\wakeupict\\vendor\\laravel\\framework\\src\\Illuminate\\Routing\\Middleware\\SubstituteBindings.php(41): Illuminate\\Routing\\Pipeline->Illuminate\\Routing\\{closure}(Object(Illuminate\\Http\\Request))
#2 C:\\Herd\\wakeupict\\vendor\\laravel\\framework\\src\\Illuminate\\Pipeline\\Pipeline.php(163): Illuminate\\Routing\\Middleware\\SubstituteBindings->handle(Object(Illuminate\\Http\\Request), Object(Closure))
#3 C:\\Herd\\wakeupict\\vendor\\laravel\\framework\\src\\Illuminate\\Routing\\Pipeline.php(53): Illuminate\\Pipeline\\Pipeline->Illuminate\\Pipeline\\{closure}(Object(Illuminate\\Http\\Request))
#4 C:\\Herd\\wakeupict\\vendor\\laravel\\framework\\src\\Illuminate\\Foundation\\Http\\Middleware\\VerifyCsrfToken.php(75): Illuminate\\Routing\\Pipeline->Illuminate\\Routing\\{closure}(Object(Illuminate\\Http\\Request))
#5 C:\\Herd\\wakeupict\\vendor\\laravel\\framework\\src\\Illuminate\\Pipeline\\Pipeline.php(163): Illuminate\\Foundation\\Http\\Middleware\\VerifyCsrfToken->handle(Object(Illuminate\\Http\\Request), Object(Closure))
#6 C:\\Herd\\wakeupict\\vendor\\laravel\\framework\\src\\Illuminate\\Routing\\Pipeline.php(53): Illuminate\\Pipeline\\Pipeline->Illuminate\\Pipeline\\{closure}(Object(Illuminate\\Http\\Request))
#7 C:\\Herd\\wakeupict\\vendor\\laravel\\framework\\src\\Illuminate\\View\\Middleware\\ShareErrorsFromSession.php(49): Illuminate\\Routing\\Pipeline->Illuminate\\Routing\\{closure}(Object(Illuminate\\Http\\Request))
#8 C:\\Herd\\wakeupict\\vendor\\laravel\\framework\\src\\Illuminate\\Pipeline\\Pipeline.php(163): Illuminate\\View\\Middleware\\ShareErrorsFromSession->handle(Object(Illuminate\\Http\\Request), Object(Closure))
#9 C:\\Herd\\wakeupict\\vendor\\laravel\\framework\\src\\Illuminate\\Routing\\Pipeline.php(53): Illuminate\\Pipeline\\Pipeline->Illuminate\\Pipeline\\{closure}(Object(Illuminate\\Http\\Request))
#10 C:\\Herd\\wakeupict\\vendor\\laravel\\framework\\src\\Illuminate\\Session\\Middleware\\StartSession.php(56): Illuminate\\Routing\\Pipeline->Illuminate\\Routing\\{closure}(Object(Illuminate\\Http\\Request))
#11 C:\\Herd\\wakeupict\\vendor\\laravel\\framework\\src\\Illuminate\\Pipeline\\Pipeline.php(163): Illuminate\\Session\\Middleware\\StartSession->handle(Object(Illuminate\\Http\\Request), Object(Closure))
#12 C:\\Herd\\wakeupict\\vendor\\laravel\\framework\\src\\Illuminate\\Routing\\Pipeline.php(53): Illuminate\\Pipeline\\Pipeline->Illuminate\\Pipeline\\{closure}(Object(Illuminate\\Http\\Request))
#13 C:\\Herd\\wakeupict\\vendor\\laravel\\framework\\src\\Illuminate\\Cookie\\Middleware\\AddQueuedCookiesToResponse.php(37): Illuminate\\Routing\\Pipeline->Illuminate\\Routing\\{closure}(Object(Illuminate\\Http\\Request))
#14 C:\\Herd\\wakeupict\\vendor\\laravel\\framework\\src\\Illuminate\\Pipeline\\Pipeline.php(163): Illuminate\\Cookie\\Middleware\\AddQueuedCookiesToResponse->handle(Object(Illuminate\\Http\\Request), Object(Closure))
#15 C:\\Herd\\wakeupict\\vendor\\laravel\\framework\\src\\Illuminate\\Routing\\Pipeline.php(53): Illuminate\\Pipeline\\Pipeline->Illuminate\\Pipeline\\{closure}(Object(Illuminate\\Http\\Request))
#16 C:\\Herd\\wakeupict\\vendor\\laravel\\framework\\src\\Illuminate\\Cookie\\Middleware\\EncryptCookies.php(66): Illuminate\\Routing\\Pipeline->Illuminate\\Routing\\{closure}(Object(Illuminate\\Http\\Request))
#17 C:\\Herd\\wakeupict\\vendor\\laravel\\framework\\src\\Illuminate\\Pipeline\\Pipeline.php(163): Illuminate\\Cookie\\Middleware\\EncryptCookies->handle(Object(Illuminate\\Http\\Request), Object(Closure))
#18 C:\\Herd\\wakeupict\\vendor\\laravel\\framework\\src\\Illuminate\\Routing\\Pipeline.php(53): Illuminate\\Pipeline\\Pipeline->Illuminate\\Pipeline\\{closure}(Object(Illuminate\\Http\\Request))
#19 C:\\Herd\\wakeupict\\vendor\\laravel\\framework\\src\\Illuminate\\Pipeline\\Pipeline.php(104): Illuminate\\Routing\\Pipeline->Illuminate\\Routing\\{closure}(Object(Illuminate\\Http\\Request))
#20 C:\\Herd\\wakeupict\\vendor\\laravel\\framework\\src\\Illuminate\\Routing\\Router.php(682): Illuminate\\Pipeline\\Pipeline->then(Object(Closure))
#21 C:\\Herd\\wakeupict\\vendor\\laravel\\framework\\src\\Illuminate\\Routing\\Router.php(657): Illuminate\\Routing\\Router->runRouteWithinStack(Object(Illuminate\\Routing\\Route), Object(Illuminate\\Http\\Request))
#22 C:\\Herd\\wakeupict\\vendor\\laravel\\framework\\src\\Illuminate\\Routing\\Router.php(623): Illuminate\\Routing\\Router->runRoute(Object(Illuminate\\Http\\Request), Object(Illuminate\\Routing\\Route))
#23 C:\\Herd\\wakeupict\\vendor\\laravel\\framework\\src\\Illuminate\\Routing\\Router.php(612): Illuminate\\Routing\\Router->dispatchToRoute(Object(Illuminate\\Http\\Request))
#24 C:\\Herd\\wakeupict\\vendor\\laravel\\framework\\src\\Illuminate\\Foundation\\Http\\Kernel.php(176): Illuminate\\Routing\\Router->dispatch(Object(Illuminate\\Http\\Request))
#25 C:\\Herd\\wakeupict\\vendor\\laravel\\framework\\src\\Illuminate\\Routing\\Pipeline.php(30): Illuminate\\Foundation\\Http\\Kernel->Illuminate\\Foundation\\Http\\{closure}(Object(Illuminate\\Http\\Request))
#26 C:\\Herd\\wakeupict\\vendor\\laravel\\framework\\src\\Illuminate\\Foundation\\Http\\Middleware\\TransformsRequest.php(21): Illuminate\\Routing\\Pipeline->Illuminate\\Routing\\{closure}(Object(Illuminate\\Http\\Request))
#27 C:\\Herd\\wakeupict\\vendor\\laravel\\framework\\src\\Illuminate\\Pipeline\\Pipeline.php(163): Illuminate\\Foundation\\Http\\Middleware\\TransformsRequest->handle(Object(Illuminate\\Http\\Request), Object(Closure))
#28 C:\\Herd\\wakeupict\\vendor\\laravel\\framework\\src\\Illuminate\\Routing\\Pipeline.php(53): Illuminate\\Pipeline\\Pipeline->Illuminate\\Pipeline\\{closure}(Object(Illuminate\\Http\\Request))
#29 C:\\Herd\\wakeupict\\vendor\\laravel\\framework\\src\\Illuminate\\Foundation\\Http\\Middleware\\TransformsRequest.php(21): Illuminate\\Routing\\Pipeline->Illuminate\\Routing\\{closure}(Object(Illuminate\\Http\\Request))
#30 C:\\Herd\\wakeupict\\vendor\\laravel\\framework\\src\\Illuminate\\Pipeline\\Pipeline.php(163): Illuminate\\Foundation\\Http\\Middleware\\TransformsRequest->handle(Object(Illuminate\\Http\\Request), Object(Closure))
#31 C:\\Herd\\wakeupict\\vendor\\laravel\\framework\\src\\Illuminate\\Routing\\Pipeline.php(53): Illuminate\\Pipeline\\Pipeline->Illuminate\\Pipeline\\{closure}(Object(Illuminate\\Http\\Request))
#32 C:\\Herd\\wakeupict\\vendor\\laravel\\framework\\src\\Illuminate\\Foundation\\Http\\Middleware\\ValidatePostSize.php(27): Illuminate\\Routing\\Pipeline->Illuminate\\Routing\\{closure}(Object(Illuminate\\Http\\Request))
#33 C:\\Herd\\wakeupict\\vendor\\laravel\\framework\\src\\Illuminate\\Pipeline\\Pipeline.php(163): Illuminate\\Foundation\\Http\\Middleware\\ValidatePostSize->handle(Object(Illuminate\\Http\\Request), Object(Closure))
#34 C:\\Herd\\wakeupict\\vendor\\laravel\\framework\\src\\Illuminate\\Routing\\Pipeline.php(53): Illuminate\\Pipeline\\Pipeline->Illuminate\\Pipeline\\{closure}(Object(Illuminate\\Http\\Request))
#35 C:\\Herd\\wakeupict\\vendor\\laravel\\framework\\src\\Illuminate\\Foundation\\Http\\Middleware\\CheckForMaintenanceMode.php(62): Illuminate\\Routing\\Pipeline->Illuminate\\Routing\\{closure}(Object(Illuminate\\Http\\Request))
#36 C:\\Herd\\wakeupict\\vendor\\laravel\\framework\\src\\Illuminate\\Pipeline\\Pipeline.php(163): Illuminate\\Foundation\\Http\\Middleware\\CheckForMaintenanceMode->handle(Object(Illuminate\\Http\\Request), Object(Closure))
#37 C:\\Herd\\wakeupict\\vendor\\laravel\\framework\\src\\Illuminate\\Routing\\Pipeline.php(53): Illuminate\\Pipeline\\Pipeline->Illuminate\\Pipeline\\{closure}(Object(Illuminate\\Http\\Request))
#38 C:\\Herd\\wakeupict\\vendor\\fideloper\\proxy\\src\\TrustProxies.php(57): Illuminate\\Routing\\Pipeline->Illuminate\\Routing\\{closure}(Object(Illuminate\\Http\\Request))
#39 C:\\Herd\\wakeupict\\vendor\\laravel\\framework\\src\\Illuminate\\Pipeline\\Pipeline.php(163): Fideloper\\Proxy\\TrustProxies->handle(Object(Illuminate\\Http\\Request), Object(Closure))
#40 C:\\Herd\\wakeupict\\vendor\\laravel\\framework\\src\\Illuminate\\Routing\\Pipeline.php(53): Illuminate\\Pipeline\\Pipeline->Illuminate\\Pipeline\\{closure}(Object(Illuminate\\Http\\Request))
#41 C:\\Herd\\wakeupict\\vendor\\laravel\\framework\\src\\Illuminate\\Pipeline\\Pipeline.php(104): Illuminate\\Routing\\Pipeline->Illuminate\\Routing\\{closure}(Object(Illuminate\\Http\\Request))
#42 C:\\Herd\\wakeupict\\vendor\\laravel\\framework\\src\\Illuminate\\Foundation\\Http\\Kernel.php(151): Illuminate\\Pipeline\\Pipeline->then(Object(Closure))
#43 C:\\Herd\\wakeupict\\vendor\\laravel\\framework\\src\\Illuminate\\Foundation\\Http\\Kernel.php(116): Illuminate\\Foundation\\Http\\Kernel->sendRequestThroughRouter(Object(Illuminate\\Http\\Request))
#44 C:\\Users\\Wake Up ICT\\.gemini\\antigravity-ide\\brain\\3057f3ef-2b6a-4759-943b-a267c8e3a4ca\\scratch\\test_locale_theme.php(11): Illuminate\\Foundation\\Http\\Kernel->handle(Object(Illuminate\\Http\\Request))
#45 {main}
"} 
[2026-09-22 10:47:54] local.ERROR: Function name must be a string {"exception":"[object] (Symfony\\Component\\Debug\\Exception\\FatalThrowableError(code: 0): Function name must be a string at C:\\Herd\\wakeupict\\vendor\\laravel\\framework\\src\\Illuminate\\Pipeline\\Pipeline.php:164)
[stacktrace]
#0 C:\\Herd\\wakeupict\\vendor\\laravel\\framework\\src\\Illuminate\\Routing\\Pipeline.php(53): Illuminate\\Pipeline\\Pipeline->Illuminate\\Pipeline\\{closure}(Object(Illuminate\\Http\\Request))
#1 C:\\Herd\\wakeupict\\vendor\\laravel\\framework\\src\\Illuminate\\Routing\\Middleware\\SubstituteBindings.php(41): Illuminate\\Routing\\Pipeline->Illuminate\\Routing\\{closure}(Object(Illuminate\\Http\\Request))
#2 C:\\Herd\\wakeupict\\vendor\\laravel\\framework\\src\\Illuminate\\Pipeline\\Pipeline.php(163): Illuminate\\Routing\\Middleware\\SubstituteBindings->handle(Object(Illuminate\\Http\\Request), Object(Closure))
#3 C:\\Herd\\wakeupict\\vendor\\laravel\\framework\\src\\Illuminate\\Routing\\Pipeline.php(53): Illuminate\\Pipeline\\Pipeline->Illuminate\\Pipeline\\{closure}(Object(Illuminate\\Http\\Request))
#4 C:\\Herd\\wakeupict\\vendor\\laravel\\framework\\src\\Illuminate\\Foundation\\Http\\Middleware\\VerifyCsrfToken.php(75): Illuminate\\Routing\\Pipeline->Illuminate\\Routing\\{closure}(Object(Illuminate\\Http\\Request))
#5 C:\\Herd\\wakeupict\\vendor\\laravel\\framework\\src\\Illuminate\\Pipeline\\Pipeline.php(163): Illuminate\\Foundation\\Http\\Middleware\\VerifyCsrfToken->handle(Object(Illuminate\\Http\\Request), Object(Closure))
#6 C:\\Herd\\wakeupict\\vendor\\laravel\\framework\\src\\Illuminate\\Routing\\Pipeline.php(53): Illuminate\\Pipeline\\Pipeline->Illuminate\\Pipeline\\{closure}(Object(Illuminate\\Http\\Request))
#7 C:\\Herd\\wakeupict\\vendor\\laravel\\framework\\src\\Illuminate\\View\\Middleware\\ShareErrorsFromSession.php(49): Illuminate\\Routing\\Pipeline->Illuminate\\Routing\\{closure}(Object(Illuminate\\Http\\Request))
#8 C:\\Herd\\wakeupict\\vendor\\laravel\\framework\\src\\Illuminate\\Pipeline\\Pipeline.php(163): Illuminate\\View\\Middleware\\ShareErrorsFromSession->handle(Object(Illuminate\\Http\\Request), Object(Closure))
#9 C:\\Herd\\wakeupict\\vendor\\laravel\\framework\\src\\Illuminate\\Routing\\Pipeline.php(53): Illuminate\\Pipeline\\Pipeline->Illuminate\\Pipeline\\{closure}(Object(Illuminate\\Http\\Request))
#10 C:\\Herd\\wakeupict\\vendor\\laravel\\framework\\src\\Illuminate\\Session\\Middleware\\StartSession.php(56): Illuminate\\Routing\\Pipeline->Illuminate\\Routing\\{closure}(Object(Illuminate\\Http\\Request))
#11 C:\\Herd\\wakeupict\\vendor\\laravel\\framework\\src\\Illuminate\\Pipeline\\Pipeline.php(163): Illuminate\\Session\\Middleware\\StartSession->handle(Object(Illuminate\\Http\\Request), Object(Closure))
#12 C:\\Herd\\wakeupict\\vendor\\laravel\\framework\\src\\Illuminate\\Routing\\Pipeline.php(53): Illuminate\\Pipeline\\Pipeline->Illuminate\\Pipeline\\{closure}(Object(Illuminate\\Http\\Request))
#13 C:\\Herd\\wakeupict\\vendor\\laravel\\framework\\src\\Illuminate\\Cookie\\Middleware\\AddQueuedCookiesToResponse.php(37): Illuminate\\Routing\\Pipeline->Illuminate\\Routing\\{closure}(Object(Illuminate\\Http\\Request))
#14 C:\\Herd\\wakeupict\\vendor\\laravel\\framework\\src\\Illuminate\\Pipeline\\Pipeline.php(163): Illuminate\\Cookie\\Middleware\\AddQueuedCookiesToResponse->handle(Object(Illuminate\\Http\\Request), Object(Closure))
#15 C:\\Herd\\wakeupict\\vendor\\laravel\\framework\\src\\Illuminate\\Routing\\Pipeline.php(53): Illuminate\\Pipeline\\Pipeline->Illuminate\\Pipeline\\{closure}(Object(Illuminate\\Http\\Request))
#16 C:\\Herd\\wakeupict\\vendor\\laravel\\framework\\src\\Illuminate\\Cookie\\Middleware\\EncryptCookies.php(66): Illuminate\\Routing\\Pipeline->Illuminate\\Routing\\{closure}(Object(Illuminate\\Http\\Request))
#17 C:\\Herd\\wakeupict\\vendor\\laravel\\framework\\src\\Illuminate\\Pipeline\\Pipeline.php(163): Illuminate\\Cookie\\Middleware\\EncryptCookies->handle(Object(Illuminate\\Http\\Request), Object(Closure))
#18 C:\\Herd\\wakeupict\\vendor\\laravel\\framework\\src\\Illuminate\\Routing\\Pipeline.php(53): Illuminate\\Pipeline\\Pipeline->Illuminate\\Pipeline\\{closure}(Object(Illuminate\\Http\\Request))
#19 C:\\Herd\\wakeupict\\vendor\\laravel\\framework\\src\\Illuminate\\Pipeline\\Pipeline.php(104): Illuminate\\Routing\\Pipeline->Illuminate\\Routing\\{closure}(Object(Illuminate\\Http\\Request))
#20 C:\\Herd\\wakeupict\\vendor\\laravel\\framework\\src\\Illuminate\\Routing\\Router.php(682): Illuminate\\Pipeline\\Pipeline->then(Object(Closure))
#21 C:\\Herd\\wakeupict\\vendor\\laravel\\framework\\src\\Illuminate\\Routing\\Router.php(657): Illuminate\\Routing\\Router->runRouteWithinStack(Object(Illuminate\\Routing\\Route), Object(Illuminate\\Http\\Request))
#22 C:\\Herd\\wakeupict\\vendor\\laravel\\framework\\src\\Illuminate\\Routing\\Router.php(623): Illuminate\\Routing\\Router->runRoute(Object(Illuminate\\Http\\Request), Object(Illuminate\\Routing\\Route))
#23 C:\\Herd\\wakeupict\\vendor\\laravel\\framework\\src\\Illuminate\\Routing\\Router.php(612): Illuminate\\Routing\\Router->dispatchToRoute(Object(Illuminate\\Http\\Request))
#24 C:\\Herd\\wakeupict\\vendor\\laravel\\framework\\src\\Illuminate\\Foundation\\Http\\Kernel.php(176): Illuminate\\Routing\\Router->dispatch(Object(Illuminate\\Http\\Request))
#25 C:\\Herd\\wakeupict\\vendor\\laravel\\framework\\src\\Illuminate\\Routing\\Pipeline.php(30): Illuminate\\Foundation\\Http\\Kernel->Illuminate\\Foundation\\Http\\{closure}(Object(Illuminate\\Http\\Request))
#26 C:\\Herd\\wakeupict\\vendor\\laravel\\framework\\src\\Illuminate\\Foundation\\Http\\Middleware\\TransformsRequest.php(21): Illuminate\\Routing\\Pipeline->Illuminate\\Routing\\{closure}(Object(Illuminate\\Http\\Request))
#27 C:\\Herd\\wakeupict\\vendor\\laravel\\framework\\src\\Illuminate\\Pipeline\\Pipeline.php(163): Illuminate\\Foundation\\Http\\Middleware\\TransformsRequest->handle(Object(Illuminate\\Http\\Request), Object(Closure))
#28 C:\\Herd\\wakeupict\\vendor\\laravel\\framework\\src\\Illuminate\\Routing\\Pipeline.php(53): Illuminate\\Pipeline\\Pipeline->Illuminate\\Pipeline\\{closure}(Object(Illuminate\\Http\\Request))
#29 C:\\Herd\\wakeupict\\vendor\\laravel\\framework\\src\\Illuminate\\Foundation\\Http\\Middleware\\TransformsRequest.php(21): Illuminate\\Routing\\Pipeline->Illuminate\\Routing\\{closure}(Object(Illuminate\\Http\\Request))
#30 C:\\Herd\\wakeupict\\vendor\\laravel\\framework\\src\\Illuminate\\Pipeline\\Pipeline.php(163): Illuminate\\Foundation\\Http\\Middleware\\TransformsRequest->handle(Object(Illuminate\\Http\\Request), Object(Closure))
#31 C:\\Herd\\wakeupict\\vendor\\laravel\\framework\\src\\Illuminate\\Routing\\Pipeline.php(53): Illuminate\\Pipeline\\Pipeline->Illuminate\\Pipeline\\{closure}(Object(Illuminate\\Http\\Request))
#32 C:\\Herd\\wakeupict\\vendor\\laravel\\framework\\src\\Illuminate\\Foundation\\Http\\Middleware\\ValidatePostSize.php(27): Illuminate\\Routing\\Pipeline->Illuminate\\Routing\\{closure}(Object(Illuminate\\Http\\Request))
#33 C:\\Herd\\wakeupict\\vendor\\laravel\\framework\\src\\Illuminate\\Pipeline\\Pipeline.php(163): Illuminate\\Foundation\\Http\\Middleware\\ValidatePostSize->handle(Object(Illuminate\\Http\\Request), Object(Closure))
#34 C:\\Herd\\wakeupict\\vendor\\laravel\\framework\\src\\Illuminate\\Routing\\Pipeline.php(53): Illuminate\\Pipeline\\Pipeline->Illuminate\\Pipeline\\{closure}(Object(Illuminate\\Http\\Request))
#35 C:\\Herd\\wakeupict\\vendor\\laravel\\framework\\src\\Illuminate\\Foundation\\Http\\Middleware\\CheckForMaintenanceMode.php(62): Illuminate\\Routing\\Pipeline->Illuminate\\Routing\\{closure}(Object(Illuminate\\Http\\Request))
#36 C:\\Herd\\wakeupict\\vendor\\laravel\\framework\\src\\Illuminate\\Pipeline\\Pipeline.php(163): Illuminate\\Foundation\\Http\\Middleware\\CheckForMaintenanceMode->handle(Object(Illuminate\\Http\\Request), Object(Closure))
#37 C:\\Herd\\wakeupict\\vendor\\laravel\\framework\\src\\Illuminate\\Routing\\Pipeline.php(53): Illuminate\\Pipeline\\Pipeline->Illuminate\\Pipeline\\{closure}(Object(Illuminate\\Http\\Request))
#38 C:\\Herd\\wakeupict\\vendor\\fideloper\\proxy\\src\\TrustProxies.php(57): Illuminate\\Routing\\Pipeline->Illuminate\\Routing\\{closure}(Object(Illuminate\\Http\\Request))
#39 C:\\Herd\\wakeupict\\vendor\\laravel\\framework\\src\\Illuminate\\Pipeline\\Pipeline.php(163): Fideloper\\Proxy\\TrustProxies->handle(Object(Illuminate\\Http\\Request), Object(Closure))
#40 C:\\Herd\\wakeupict\\vendor\\laravel\\framework\\src\\Illuminate\\Routing\\Pipeline.php(53): Illuminate\\Pipeline\\Pipeline->Illuminate\\Pipeline\\{closure}(Object(Illuminate\\Http\\Request))
#41 C:\\Herd\\wakeupict\\vendor\\laravel\\framework\\src\\Illuminate\\Pipeline\\Pipeline.php(104): Illuminate\\Routing\\Pipeline->Illuminate\\Routing\\{closure}(Object(Illuminate\\Http\\Request))
#42 C:\\Herd\\wakeupict\\vendor\\laravel\\framework\\src\\Illuminate\\Foundation\\Http\\Kernel.php(151): Illuminate\\Pipeline\\Pipeline->then(Object(Closure))
#43 C:\\Herd\\wakeupict\\vendor\\laravel\\framework\\src\\Illuminate\\Foundation\\Http\\Kernel.php(116): Illuminate\\Foundation\\Http\\Kernel->sendRequestThroughRouter(Object(Illuminate\\Http\\Request))
#44 C:\\Users\\Wake Up ICT\\.gemini\\antigravity-ide\\brain\\3057f3ef-2b6a-4759-943b-a267c8e3a4ca\\scratch\\test_locale_theme.php(24): Illuminate\\Foundation\\Http\\Kernel->handle(Object(Illuminate\\Http\\Request))
#45 {main}
"} 
[2026-09-22 10:47:54] local.ERROR: Function name must be a string {"exception":"[object] (Symfony\\Component\\Debug\\Exception\\FatalThrowableError(code: 0): Function name must be a string at C:\\Herd\\wakeupict\\vendor\\laravel\\framework\\src\\Illuminate\\Pipeline\\Pipeline.php:164)
[stacktrace]
#0 C:\\Herd\\wakeupict\\vendor\\laravel\\framework\\src\\Illuminate\\Routing\\Pipeline.php(53): Illuminate\\Pipeline\\Pipeline->Illuminate\\Pipeline\\{closure}(Object(Illuminate\\Http\\Request))
#1 C:\\Herd\\wakeupict\\vendor\\laravel\\framework\\src\\Illuminate\\Routing\\Middleware\\SubstituteBindings.php(41): Illuminate\\Routing\\Pipeline->Illuminate\\Routing\\{closure}(Object(Illuminate\\Http\\Request))
#2 C:\\Herd\\wakeupict\\vendor\\laravel\\framework\\src\\Illuminate\\Pipeline\\Pipeline.php(163): Illuminate\\Routing\\Middleware\\SubstituteBindings->handle(Object(Illuminate\\Http\\Request), Object(Closure))
#3 C:\\Herd\\wakeupict\\vendor\\laravel\\framework\\src\\Illuminate\\Routing\\Pipeline.php(53): Illuminate\\Pipeline\\Pipeline->Illuminate\\Pipeline\\{closure}(Object(Illuminate\\Http\\Request))
#4 C:\\Herd\\wakeupict\\vendor\\laravel\\framework\\src\\Illuminate\\Foundation\\Http\\Middleware\\VerifyCsrfToken.php(75): Illuminate\\Routing\\Pipeline->Illuminate\\Routing\\{closure}(Object(Illuminate\\Http\\Request))
#5 C:\\Herd\\wakeupict\\vendor\\laravel\\framework\\src\\Illuminate\\Pipeline\\Pipeline.php(163): Illuminate\\Foundation\\Http\\Middleware\\VerifyCsrfToken->handle(Object(Illuminate\\Http\\Request), Object(Closure))
#6 C:\\Herd\\wakeupict\\vendor\\laravel\\framework\\src\\Illuminate\\Routing\\Pipeline.php(53): Illuminate\\Pipeline\\Pipeline->Illuminate\\Pipeline\\{closure}(Object(Illuminate\\Http\\Request))
#7 C:\\Herd\\wakeupict\\vendor\\laravel\\framework\\src\\Illuminate\\View\\Middleware\\ShareErrorsFromSession.php(49): Illuminate\\Routing\\Pipeline->Illuminate\\Routing\\{closure}(Object(Illuminate\\Http\\Request))
#8 C:\\Herd\\wakeupict\\vendor\\laravel\\framework\\src\\Illuminate\\Pipeline\\Pipeline.php(163): Illuminate\\View\\Middleware\\ShareErrorsFromSession->handle(Object(Illuminate\\Http\\Request), Object(Closure))
#9 C:\\Herd\\wakeupict\\vendor\\laravel\\framework\\src\\Illuminate\\Routing\\Pipeline.php(53): Illuminate\\Pipeline\\Pipeline->Illuminate\\Pipeline\\{closure}(Object(Illuminate\\Http\\Request))
#10 C:\\Herd\\wakeupict\\vendor\\laravel\\framework\\src\\Illuminate\\Session\\Middleware\\StartSession.php(56): Illuminate\\Routing\\Pipeline->Illuminate\\Routing\\{closure}(Object(Illuminate\\Http\\Request))
#11 C:\\Herd\\wakeupict\\vendor\\laravel\\framework\\src\\Illuminate\\Pipeline\\Pipeline.php(163): Illuminate\\Session\\Middleware\\StartSession->handle(Object(Illuminate\\Http\\Request), Object(Closure))
#12 C:\\Herd\\wakeupict\\vendor\\laravel\\framework\\src\\Illuminate\\Routing\\Pipeline.php(53): Illuminate\\Pipeline\\Pipeline->Illuminate\\Pipeline\\{closure}(Object(Illuminate\\Http\\Request))
#13 C:\\Herd\\wakeupict\\vendor\\laravel\\framework\\src\\Illuminate\\Cookie\\Middleware\\AddQueuedCookiesToResponse.php(37): Illuminate\\Routing\\Pipeline->Illuminate\\Routing\\{closure}(Object(Illuminate\\Http\\Request))
#14 C:\\Herd\\wakeupict\\vendor\\laravel\\framework\\src\\Illuminate\\Pipeline\\Pipeline.php(163): Illuminate\\Cookie\\Middleware\\AddQueuedCookiesToResponse->handle(Object(Illuminate\\Http\\Request), Object(Closure))
#15 C:\\Herd\\wakeupict\\vendor\\laravel\\framework\\src\\Illuminate\\Routing\\Pipeline.php(53): Illuminate\\Pipeline\\Pipeline->Illuminate\\Pipeline\\{closure}(Object(Illuminate\\Http\\Request))
#16 C:\\Herd\\wakeupict\\vendor\\laravel\\framework\\src\\Illuminate\\Cookie\\Middleware\\EncryptCookies.php(66): Illuminate\\Routing\\Pipeline->Illuminate\\Routing\\{closure}(Object(Illuminate\\Http\\Request))
#17 C:\\Herd\\wakeupict\\vendor\\laravel\\framework\\src\\Illuminate\\Pipeline\\Pipeline.php(163): Illuminate\\Cookie\\Middleware\\EncryptCookies->handle(Object(Illuminate\\Http\\Request), Object(Closure))
#18 C:\\Herd\\wakeupict\\vendor\\laravel\\framework\\src\\Illuminate\\Routing\\Pipeline.php(53): Illuminate\\Pipeline\\Pipeline->Illuminate\\Pipeline\\{closure}(Object(Illuminate\\Http\\Request))
#19 C:\\Herd\\wakeupict\\vendor\\laravel\\framework\\src\\Illuminate\\Pipeline\\Pipeline.php(104): Illuminate\\Routing\\Pipeline->Illuminate\\Routing\\{closure}(Object(Illuminate\\Http\\Request))
#20 C:\\Herd\\wakeupict\\vendor\\laravel\\framework\\src\\Illuminate\\Routing\\Router.php(682): Illuminate\\Pipeline\\Pipeline->then(Object(Closure))
#21 C:\\Herd\\wakeupict\\vendor\\laravel\\framework\\src\\Illuminate\\Routing\\Router.php(657): Illuminate\\Routing\\Router->runRouteWithinStack(Object(Illuminate\\Routing\\Route), Object(Illuminate\\Http\\Request))
#22 C:\\Herd\\wakeupict\\vendor\\laravel\\framework\\src\\Illuminate\\Routing\\Router.php(623): Illuminate\\Routing\\Router->runRoute(Object(Illuminate\\Http\\Request), Object(Illuminate\\Routing\\Route))
#23 C:\\Herd\\wakeupict\\vendor\\laravel\\framework\\src\\Illuminate\\Routing\\Router.php(612): Illuminate\\Routing\\Router->dispatchToRoute(Object(Illuminate\\Http\\Request))
#24 C:\\Herd\\wakeupict\\vendor\\laravel\\framework\\src\\Illuminate\\Foundation\\Http\\Kernel.php(176): Illuminate\\Routing\\Router->dispatch(Object(Illuminate\\Http\\Request))
#25 C:\\Herd\\wakeupict\\vendor\\laravel\\framework\\src\\Illuminate\\Routing\\Pipeline.php(30): Illuminate\\Foundation\\Http\\Kernel->Illuminate\\Foundation\\Http\\{closure}(Object(Illuminate\\Http\\Request))
#26 C:\\Herd\\wakeupict\\vendor\\laravel\\framework\\src\\Illuminate\\Foundation\\Http\\Middleware\\TransformsRequest.php(21): Illuminate\\Routing\\Pipeline->Illuminate\\Routing\\{closure}(Object(Illuminate\\Http\\Request))
#27 C:\\Herd\\wakeupict\\vendor\\laravel\\framework\\src\\Illuminate\\Pipeline\\Pipeline.php(163): Illuminate\\Foundation\\Http\\Middleware\\TransformsRequest->handle(Object(Illuminate\\Http\\Request), Object(Closure))
#28 C:\\Herd\\wakeupict\\vendor\\laravel\\framework\\src\\Illuminate\\Routing\\Pipeline.php(53): Illuminate\\Pipeline\\Pipeline->Illuminate\\Pipeline\\{closure}(Object(Illuminate\\Http\\Request))
#29 C:\\Herd\\wakeupict\\vendor\\laravel\\framework\\src\\Illuminate\\Foundation\\Http\\Middleware\\TransformsRequest.php(21): Illuminate\\Routing\\Pipeline->Illuminate\\Routing\\{closure}(Object(Illuminate\\Http\\Request))
#30 C:\\Herd\\wakeupict\\vendor\\laravel\\framework\\src\\Illuminate\\Pipeline\\Pipeline.php(163): Illuminate\\Foundation\\Http\\Middleware\\TransformsRequest->handle(Object(Illuminate\\Http\\Request), Object(Closure))
#31 C:\\Herd\\wakeupict\\vendor\\laravel\\framework\\src\\Illuminate\\Routing\\Pipeline.php(53): Illuminate\\Pipeline\\Pipeline->Illuminate\\Pipeline\\{closure}(Object(Illuminate\\Http\\Request))
#32 C:\\Herd\\wakeupict\\vendor\\laravel\\framework\\src\\Illuminate\\Foundation\\Http\\Middleware\\ValidatePostSize.php(27): Illuminate\\Routing\\Pipeline->Illuminate\\Routing\\{closure}(Object(Illuminate\\Http\\Request))
#33 C:\\Herd\\wakeupict\\vendor\\laravel\\framework\\src\\Illuminate\\Pipeline\\Pipeline.php(163): Illuminate\\Foundation\\Http\\Middleware\\ValidatePostSize->handle(Object(Illuminate\\Http\\Request), Object(Closure))
#34 C:\\Herd\\wakeupict\\vendor\\laravel\\framework\\src\\Illuminate\\Routing\\Pipeline.php(53): Illuminate\\Pipeline\\Pipeline->Illuminate\\Pipeline\\{closure}(Object(Illuminate\\Http\\Request))
#35 C:\\Herd\\wakeupict\\vendor\\laravel\\framework\\src\\Illuminate\\Foundation\\Http\\Middleware\\CheckForMaintenanceMode.php(62): Illuminate\\Routing\\Pipeline->Illuminate\\Routing\\{closure}(Object(Illuminate\\Http\\Request))
#36 C:\\Herd\\wakeupict\\vendor\\laravel\\framework\\src\\Illuminate\\Pipeline\\Pipeline.php(163): Illuminate\\Foundation\\Http\\Middleware\\CheckForMaintenanceMode->handle(Object(Illuminate\\Http\\Request), Object(Closure))
#37 C:\\Herd\\wakeupict\\vendor\\laravel\\framework\\src\\Illuminate\\Routing\\Pipeline.php(53): Illuminate\\Pipeline\\Pipeline->Illuminate\\Pipeline\\{closure}(Object(Illuminate\\Http\\Request))
#38 C:\\Herd\\wakeupict\\vendor\\fideloper\\proxy\\src\\TrustProxies.php(57): Illuminate\\Routing\\Pipeline->Illuminate\\Routing\\{closure}(Object(Illuminate\\Http\\Request))
#39 C:\\Herd\\wakeupict\\vendor\\laravel\\framework\\src\\Illuminate\\Pipeline\\Pipeline.php(163): Fideloper\\Proxy\\TrustProxies->handle(Object(Illuminate\\Http\\Request), Object(Closure))
#40 C:\\Herd\\wakeupict\\vendor\\laravel\\framework\\src\\Illuminate\\Routing\\Pipeline.php(53): Illuminate\\Pipeline\\Pipeline->Illuminate\\Pipeline\\{closure}(Object(Illuminate\\Http\\Request))
#41 C:\\Herd\\wakeupict\\vendor\\laravel\\framework\\src\\Illuminate\\Pipeline\\Pipeline.php(104): Illuminate\\Routing\\Pipeline->Illuminate\\Routing\\{closure}(Object(Illuminate\\Http\\Request))
#42 C:\\Herd\\wakeupict\\vendor\\laravel\\framework\\src\\Illuminate\\Foundation\\Http\\Kernel.php(151): Illuminate\\Pipeline\\Pipeline->then(Object(Closure))
#43 C:\\Herd\\wakeupict\\vendor\\laravel\\framework\\src\\Illuminate\\Foundation\\Http\\Kernel.php(116): Illuminate\\Foundation\\Http\\Kernel->sendRequestThroughRouter(Object(Illuminate\\Http\\Request))
#44 C:\\Users\\Wake Up ICT\\.gemini\\antigravity-ide\\brain\\3057f3ef-2b6a-4759-943b-a267c8e3a4ca\\scratch\\test_locale_theme.php(32): Illuminate\\Foundation\\Http\\Kernel->handle(Object(Illuminate\\Http\\Request))
#45 {main}
"} 
[2026-09-22 10:47:56] local.ERROR: Function name must be a string {"userId":1,"exception":"[object] (Symfony\\Component\\Debug\\Exception\\FatalThrowableError(code: 0): Function name must be a string at C:\\Herd\\wakeupict\\vendor\\laravel\\framework\\src\\Illuminate\\Pipeline\\Pipeline.php:164)
[stacktrace]
#0 C:\\Herd\\wakeupict\\vendor\\laravel\\framework\\src\\Illuminate\\Routing\\Pipeline.php(53): Illuminate\\Pipeline\\Pipeline->Illuminate\\Pipeline\\{closure}(Object(Illuminate\\Http\\Request))
#1 C:\\Herd\\wakeupict\\vendor\\laravel\\framework\\src\\Illuminate\\Routing\\Middleware\\SubstituteBindings.php(41): Illuminate\\Routing\\Pipeline->Illuminate\\Routing\\{closure}(Object(Illuminate\\Http\\Request))
#2 C:\\Herd\\wakeupict\\vendor\\laravel\\framework\\src\\Illuminate\\Pipeline\\Pipeline.php(163): Illuminate\\Routing\\Middleware\\SubstituteBindings->handle(Object(Illuminate\\Http\\Request), Object(Closure))
#3 C:\\Herd\\wakeupict\\vendor\\laravel\\framework\\src\\Illuminate\\Routing\\Pipeline.php(53): Illuminate\\Pipeline\\Pipeline->Illuminate\\Pipeline\\{closure}(Object(Illuminate\\Http\\Request))
#4 C:\\Herd\\wakeupict\\vendor\\laravel\\framework\\src\\Illuminate\\Foundation\\Http\\Middleware\\VerifyCsrfToken.php(75): Illuminate\\Routing\\Pipeline->Illuminate\\Routing\\{closure}(Object(Illuminate\\Http\\Request))
#5 C:\\Herd\\wakeupict\\vendor\\laravel\\framework\\src\\Illuminate\\Pipeline\\Pipeline.php(163): Illuminate\\Foundation\\Http\\Middleware\\VerifyCsrfToken->handle(Object(Illuminate\\Http\\Request), Object(Closure))
#6 C:\\Herd\\wakeupict\\vendor\\laravel\\framework\\src\\Illuminate\\Routing\\Pipeline.php(53): Illuminate\\Pipeline\\Pipeline->Illuminate\\Pipeline\\{closure}(Object(Illuminate\\Http\\Request))
#7 C:\\Herd\\wakeupict\\vendor\\laravel\\framework\\src\\Illuminate\\View\\Middleware\\ShareErrorsFromSession.php(49): Illuminate\\Routing\\Pipeline->Illuminate\\Routing\\{closure}(Object(Illuminate\\Http\\Request))
#8 C:\\Herd\\wakeupict\\vendor\\laravel\\framework\\src\\Illuminate\\Pipeline\\Pipeline.php(163): Illuminate\\View\\Middleware\\ShareErrorsFromSession->handle(Object(Illuminate\\Http\\Request), Object(Closure))
#9 C:\\Herd\\wakeupict\\vendor\\laravel\\framework\\src\\Illuminate\\Routing\\Pipeline.php(53): Illuminate\\Pipeline\\Pipeline->Illuminate\\Pipeline\\{closure}(Object(Illuminate\\Http\\Request))
#10 C:\\Herd\\wakeupict\\vendor\\laravel\\framework\\src\\Illuminate\\Session\\Middleware\\StartSession.php(56): Illuminate\\Routing\\Pipeline->Illuminate\\Routing\\{closure}(Object(Illuminate\\Http\\Request))
#11 C:\\Herd\\wakeupict\\vendor\\laravel\\framework\\src\\Illuminate\\Pipeline\\Pipeline.php(163): Illuminate\\Session\\Middleware\\StartSession->handle(Object(Illuminate\\Http\\Request), Object(Closure))
#12 C:\\Herd\\wakeupict\\vendor\\laravel\\framework\\src\\Illuminate\\Routing\\Pipeline.php(53): Illuminate\\Pipeline\\Pipeline->Illuminate\\Pipeline\\{closure}(Object(Illuminate\\Http\\Request))
#13 C:\\Herd\\wakeupict\\vendor\\laravel\\framework\\src\\Illuminate\\Cookie\\Middleware\\AddQueuedCookiesToResponse.php(37): Illuminate\\Routing\\Pipeline->Illuminate\\Routing\\{closure}(Object(Illuminate\\Http\\Request))
#14 C:\\Herd\\wakeupict\\vendor\\laravel\\framework\\src\\Illuminate\\Pipeline\\Pipeline.php(163): Illuminate\\Cookie\\Middleware\\AddQueuedCookiesToResponse->handle(Object(Illuminate\\Http\\Request), Object(Closure))
#15 C:\\Herd\\wakeupict\\vendor\\laravel\\framework\\src\\Illuminate\\Routing\\Pipeline.php(53): Illuminate\\Pipeline\\Pipeline->Illuminate\\Pipeline\\{closure}(Object(Illuminate\\Http\\Request))
#16 C:\\Herd\\wakeupict\\vendor\\laravel\\framework\\src\\Illuminate\\Cookie\\Middleware\\EncryptCookies.php(66): Illuminate\\Routing\\Pipeline->Illuminate\\Routing\\{closure}(Object(Illuminate\\Http\\Request))
#17 C:\\Herd\\wakeupict\\vendor\\laravel\\framework\\src\\Illuminate\\Pipeline\\Pipeline.php(163): Illuminate\\Cookie\\Middleware\\EncryptCookies->handle(Object(Illuminate\\Http\\Request), Object(Closure))
#18 C:\\Herd\\wakeupict\\vendor\\laravel\\framework\\src\\Illuminate\\Routing\\Pipeline.php(53): Illuminate\\Pipeline\\Pipeline->Illuminate\\Pipeline\\{closure}(Object(Illuminate\\Http\\Request))
#19 C:\\Herd\\wakeupict\\vendor\\laravel\\framework\\src\\Illuminate\\Pipeline\\Pipeline.php(104): Illuminate\\Routing\\Pipeline->Illuminate\\Routing\\{closure}(Object(Illuminate\\Http\\Request))
#20 C:\\Herd\\wakeupict\\vendor\\laravel\\framework\\src\\Illuminate\\Routing\\Router.php(682): Illuminate\\Pipeline\\Pipeline->then(Object(Closure))
#21 C:\\Herd\\wakeupict\\vendor\\laravel\\framework\\src\\Illuminate\\Routing\\Router.php(657): Illuminate\\Routing\\Router->runRouteWithinStack(Object(Illuminate\\Routing\\Route), Object(Illuminate\\Http\\Request))
#22 C:\\Herd\\wakeupict\\vendor\\laravel\\framework\\src\\Illuminate\\Routing\\Router.php(623): Illuminate\\Routing\\Router->runRoute(Object(Illuminate\\Http\\Request), Object(Illuminate\\Routing\\Route))
#23 C:\\Herd\\wakeupict\\vendor\\laravel\\framework\\src\\Illuminate\\Routing\\Router.php(612): Illuminate\\Routing\\Router->dispatchToRoute(Object(Illuminate\\Http\\Request))
#24 C:\\Herd\\wakeupict\\vendor\\laravel\\framework\\src\\Illuminate\\Foundation\\Http\\Kernel.php(176): Illuminate\\Routing\\Router->dispatch(Object(Illuminate\\Http\\Request))
#25 C:\\Herd\\wakeupict\\vendor\\laravel\\framework\\src\\Illuminate\\Routing\\Pipeline.php(30): Illuminate\\Foundation\\Http\\Kernel->Illuminate\\Foundation\\Http\\{closure}(Object(Illuminate\\Http\\Request))
#26 C:\\Herd\\wakeupict\\vendor\\laravel\\framework\\src\\Illuminate\\Foundation\\Http\\Middleware\\TransformsRequest.php(21): Illuminate\\Routing\\Pipeline->Illuminate\\Routing\\{closure}(Object(Illuminate\\Http\\Request))
#27 C:\\Herd\\wakeupict\\vendor\\laravel\\framework\\src\\Illuminate\\Pipeline\\Pipeline.php(163): Illuminate\\Foundation\\Http\\Middleware\\TransformsRequest->handle(Object(Illuminate\\Http\\Request), Object(Closure))
#28 C:\\Herd\\wakeupict\\vendor\\laravel\\framework\\src\\Illuminate\\Routing\\Pipeline.php(53): Illuminate\\Pipeline\\Pipeline->Illuminate\\Pipeline\\{closure}(Object(Illuminate\\Http\\Request))
#29 C:\\Herd\\wakeupict\\vendor\\laravel\\framework\\src\\Illuminate\\Foundation\\Http\\Middleware\\TransformsRequest.php(21): Illuminate\\Routing\\Pipeline->Illuminate\\Routing\\{closure}(Object(Illuminate\\Http\\Request))
#30 C:\\Herd\\wakeupict\\vendor\\laravel\\framework\\src\\Illuminate\\Pipeline\\Pipeline.php(163): Illuminate\\Foundation\\Http\\Middleware\\TransformsRequest->handle(Object(Illuminate\\Http\\Request), Object(Closure))
#31 C:\\Herd\\wakeupict\\vendor\\laravel\\framework\\src\\Illuminate\\Routing\\Pipeline.php(53): Illuminate\\Pipeline\\Pipeline->Illuminate\\Pipeline\\{closure}(Object(Illuminate\\Http\\Request))
#32 C:\\Herd\\wakeupict\\vendor\\laravel\\framework\\src\\Illuminate\\Foundation\\Http\\Middleware\\ValidatePostSize.php(27): Illuminate\\Routing\\Pipeline->Illuminate\\Routing\\{closure}(Object(Illuminate\\Http\\Request))
#33 C:\\Herd\\wakeupict\\vendor\\laravel\\framework\\src\\Illuminate\\Pipeline\\Pipeline.php(163): Illuminate\\Foundation\\Http\\Middleware\\ValidatePostSize->handle(Object(Illuminate\\Http\\Request), Object(Closure))
#34 C:\\Herd\\wakeupict\\vendor\\laravel\\framework\\src\\Illuminate\\Routing\\Pipeline.php(53): Illuminate\\Pipeline\\Pipeline->Illuminate\\Pipeline\\{closure}(Object(Illuminate\\Http\\Request))
#35 C:\\Herd\\wakeupict\\vendor\\laravel\\framework\\src\\Illuminate\\Foundation\\Http\\Middleware\\CheckForMaintenanceMode.php(62): Illuminate\\Routing\\Pipeline->Illuminate\\Routing\\{closure}(Object(Illuminate\\Http\\Request))
#36 C:\\Herd\\wakeupict\\vendor\\laravel\\framework\\src\\Illuminate\\Pipeline\\Pipeline.php(163): Illuminate\\Foundation\\Http\\Middleware\\CheckForMaintenanceMode->handle(Object(Illuminate\\Http\\Request), Object(Closure))
#37 C:\\Herd\\wakeupict\\vendor\\laravel\\framework\\src\\Illuminate\\Routing\\Pipeline.php(53): Illuminate\\Pipeline\\Pipeline->Illuminate\\Pipeline\\{closure}(Object(Illuminate\\Http\\Request))
#38 C:\\Herd\\wakeupict\\vendor\\fideloper\\proxy\\src\\TrustProxies.php(57): Illuminate\\Routing\\Pipeline->Illuminate\\Routing\\{closure}(Object(Illuminate\\Http\\Request))
#39 C:\\Herd\\wakeupict\\vendor\\laravel\\framework\\src\\Illuminate\\Pipeline\\Pipeline.php(163): Fideloper\\Proxy\\TrustProxies->handle(Object(Illuminate\\Http\\Request), Object(Closure))
#40 C:\\Herd\\wakeupict\\vendor\\laravel\\framework\\src\\Illuminate\\Routing\\Pipeline.php(53): Illuminate\\Pipeline\\Pipeline->Illuminate\\Pipeline\\{closure}(Object(Illuminate\\Http\\Request))
#41 C:\\Herd\\wakeupict\\vendor\\laravel\\framework\\src\\Illuminate\\Pipeline\\Pipeline.php(104): Illuminate\\Routing\\Pipeline->Illuminate\\Routing\\{closure}(Object(Illuminate\\Http\\Request))
#42 C:\\Herd\\wakeupict\\vendor\\laravel\\framework\\src\\Illuminate\\Foundation\\Http\\Kernel.php(151): Illuminate\\Pipeline\\Pipeline->then(Object(Closure))
#43 C:\\Herd\\wakeupict\\vendor\\laravel\\framework\\src\\Illuminate\\Foundation\\Http\\Kernel.php(116): Illuminate\\Foundation\\Http\\Kernel->sendRequestThroughRouter(Object(Illuminate\\Http\\Request))
#44 C:\\Herd\\wakeupict\\public\\index.php(55): Illuminate\\Foundation\\Http\\Kernel->handle(Object(Illuminate\\Http\\Request))
#45 C:\\Program Files\\Herd\esources\\app.asar.unpacked\esources\\valet\\server.php(139): require('C:\\\\Herd\\\\wakeupi...')
#46 {main}
"} 
[2026-09-22 10:48:14] local.ERROR: Function name must be a string {"exception":"[object] (Symfony\\Component\\Debug\\Exception\\FatalThrowableError(code: 0): Function name must be a string at C:\\Herd\\wakeupict\\vendor\\laravel\\framework\\src\\Illuminate\\Pipeline\\Pipeline.php:164)
[stacktrace]
#0 C:\\Herd\\wakeupict\\vendor\\laravel\\framework\\src\\Illuminate\\Routing\\Pipeline.php(53): Illuminate\\Pipeline\\Pipeline->Illuminate\\Pipeline\\{closure}(Object(Illuminate\\Http\\Request))
#1 C:\\Herd\\wakeupict\\vendor\\laravel\\framework\\src\\Illuminate\\Routing\\Middleware\\SubstituteBindings.php(41): Illuminate\\Routing\\Pipeline->Illuminate\\Routing\\{closure}(Object(Illuminate\\Http\\Request))
#2 C:\\Herd\\wakeupict\\vendor\\laravel\\framework\\src\\Illuminate\\Pipeline\\Pipeline.php(163): Illuminate\\Routing\\Middleware\\SubstituteBindings->handle(Object(Illuminate\\Http\\Request), Object(Closure))
#3 C:\\Herd\\wakeupict\\vendor\\laravel\\framework\\src\\Illuminate\\Routing\\Pipeline.php(53): Illuminate\\Pipeline\\Pipeline->Illuminate\\Pipeline\\{closure}(Object(Illuminate\\Http\\Request))
#4 C:\\Herd\\wakeupict\\vendor\\laravel\\framework\\src\\Illuminate\\Foundation\\Http\\Middleware\\VerifyCsrfToken.php(75): Illuminate\\Routing\\Pipeline->Illuminate\\Routing\\{closure}(Object(Illuminate\\Http\\Request))
#5 C:\\Herd\\wakeupict\\vendor\\laravel\\framework\\src\\Illuminate\\Pipeline\\Pipeline.php(163): Illuminate\\Foundation\\Http\\Middleware\\VerifyCsrfToken->handle(Object(Illuminate\\Http\\Request), Object(Closure))
#6 C:\\Herd\\wakeupict\\vendor\\laravel\\framework\\src\\Illuminate\\Routing\\Pipeline.php(53): Illuminate\\Pipeline\\Pipeline->Illuminate\\Pipeline\\{closure}(Object(Illuminate\\Http\\Request))
#7 C:\\Herd\\wakeupict\\vendor\\laravel\\framework\\src\\Illuminate\\View\\Middleware\\ShareErrorsFromSession.php(49): Illuminate\\Routing\\Pipeline->Illuminate\\Routing\\{closure}(Object(Illuminate\\Http\\Request))
#8 C:\\Herd\\wakeupict\\vendor\\laravel\\framework\\src\\Illuminate\\Pipeline\\Pipeline.php(163): Illuminate\\View\\Middleware\\ShareErrorsFromSession->handle(Object(Illuminate\\Http\\Request), Object(Closure))
#9 C:\\Herd\\wakeupict\\vendor\\laravel\\framework\\src\\Illuminate\\Routing\\Pipeline.php(53): Illuminate\\Pipeline\\Pipeline->Illuminate\\Pipeline\\{closure}(Object(Illuminate\\Http\\Request))
#10 C:\\Herd\\wakeupict\\vendor\\laravel\\framework\\src\\Illuminate\\Session\\Middleware\\StartSession.php(56): Illuminate\\Routing\\Pipeline->Illuminate\\Routing\\{closure}(Object(Illuminate\\Http\\Request))
#11 C:\\Herd\\wakeupict\\vendor\\laravel\\framework\\src\\Illuminate\\Pipeline\\Pipeline.php(163): Illuminate\\Session\\Middleware\\StartSession->handle(Object(Illuminate\\Http\\Request), Object(Closure))
#12 C:\\Herd\\wakeupict\\vendor\\laravel\\framework\\src\\Illuminate\\Routing\\Pipeline.php(53): Illuminate\\Pipeline\\Pipeline->Illuminate\\Pipeline\\{closure}(Object(Illuminate\\Http\\Request))
#13 C:\\Herd\\wakeupict\\vendor\\laravel\\framework\\src\\Illuminate\\Cookie\\Middleware\\AddQueuedCookiesToResponse.php(37): Illuminate\\Routing\\Pipeline->Illuminate\\Routing\\{closure}(Object(Illuminate\\Http\\Request))
#14 C:\\Herd\\wakeupict\\vendor\\laravel\\framework\\src\\Illuminate\\Pipeline\\Pipeline.php(163): Illuminate\\Cookie\\Middleware\\AddQueuedCookiesToResponse->handle(Object(Illuminate\\Http\\Request), Object(Closure))
#15 C:\\Herd\\wakeupict\\vendor\\laravel\\framework\\src\\Illuminate\\Routing\\Pipeline.php(53): Illuminate\\Pipeline\\Pipeline->Illuminate\\Pipeline\\{closure}(Object(Illuminate\\Http\\Request))
#16 C:\\Herd\\wakeupict\\vendor\\laravel\\framework\\src\\Illuminate\\Cookie\\Middleware\\EncryptCookies.php(66): Illuminate\\Routing\\Pipeline->Illuminate\\Routing\\{closure}(Object(Illuminate\\Http\\Request))
#17 C:\\Herd\\wakeupict\\vendor\\laravel\\framework\\src\\Illuminate\\Pipeline\\Pipeline.php(163): Illuminate\\Cookie\\Middleware\\EncryptCookies->handle(Object(Illuminate\\Http\\Request), Object(Closure))
#18 C:\\Herd\\wakeupict\\vendor\\laravel\\framework\\src\\Illuminate\\Routing\\Pipeline.php(53): Illuminate\\Pipeline\\Pipeline->Illuminate\\Pipeline\\{closure}(Object(Illuminate\\Http\\Request))
#19 C:\\Herd\\wakeupict\\vendor\\laravel\\framework\\src\\Illuminate\\Pipeline\\Pipeline.php(104): Illuminate\\Routing\\Pipeline->Illuminate\\Routing\\{closure}(Object(Illuminate\\Http\\Request))
#20 C:\\Herd\\wakeupict\\vendor\\laravel\\framework\\src\\Illuminate\\Routing\\Router.php(682): Illuminate\\Pipeline\\Pipeline->then(Object(Closure))
#21 C:\\Herd\\wakeupict\\vendor\\laravel\\framework\\src\\Illuminate\\Routing\\Router.php(657): Illuminate\\Routing\\Router->runRouteWithinStack(Object(Illuminate\\Routing\\Route), Object(Illuminate\\Http\\Request))
#22 C:\\Herd\\wakeupict\\vendor\\laravel\\framework\\src\\Illuminate\\Routing\\Router.php(623): Illuminate\\Routing\\Router->runRoute(Object(Illuminate\\Http\\Request), Object(Illuminate\\Routing\\Route))
#23 C:\\Herd\\wakeupict\\vendor\\laravel\\framework\\src\\Illuminate\\Routing\\Router.php(612): Illuminate\\Routing\\Router->dispatchToRoute(Object(Illuminate\\Http\\Request))
#24 C:\\Herd\\wakeupict\\vendor\\laravel\\framework\\src\\Illuminate\\Foundation\\Http\\Kernel.php(176): Illuminate\\Routing\\Router->dispatch(Object(Illuminate\\Http\\Request))
#25 C:\\Herd\\wakeupict\\vendor\\laravel\\framework\\src\\Illuminate\\Routing\\Pipeline.php(30): Illuminate\\Foundation\\Http\\Kernel->Illuminate\\Foundation\\Http\\{closure}(Object(Illuminate\\Http\\Request))
#26 C:\\Herd\\wakeupict\\vendor\\laravel\\framework\\src\\Illuminate\\Foundation\\Http\\Middleware\\TransformsRequest.php(21): Illuminate\\Routing\\Pipeline->Illuminate\\Routing\\{closure}(Object(Illuminate\\Http\\Request))
#27 C:\\Herd\\wakeupict\\vendor\\laravel\\framework\\src\\Illuminate\\Pipeline\\Pipeline.php(163): Illuminate\\Foundation\\Http\\Middleware\\TransformsRequest->handle(Object(Illuminate\\Http\\Request), Object(Closure))
#28 C:\\Herd\\wakeupict\\vendor\\laravel\\framework\\src\\Illuminate\\Routing\\Pipeline.php(53): Illuminate\\Pipeline\\Pipeline->Illuminate\\Pipeline\\{closure}(Object(Illuminate\\Http\\Request))
#29 C:\\Herd\\wakeupict\\vendor\\laravel\\framework\\src\\Illuminate\\Foundation\\Http\\Middleware\\TransformsRequest.php(21): Illuminate\\Routing\\Pipeline->Illuminate\\Routing\\{closure}(Object(Illuminate\\Http\\Request))
#30 C:\\Herd\\wakeupict\\vendor\\laravel\\framework\\src\\Illuminate\\Pipeline\\Pipeline.php(163): Illuminate\\Foundation\\Http\\Middleware\\TransformsRequest->handle(Object(Illuminate\\Http\\Request), Object(Closure))
#31 C:\\Herd\\wakeupict\\vendor\\laravel\\framework\\src\\Illuminate\\Routing\\Pipeline.php(53): Illuminate\\Pipeline\\Pipeline->Illuminate\\Pipeline\\{closure}(Object(Illuminate\\Http\\Request))
#32 C:\\Herd\\wakeupict\\vendor\\laravel\\framework\\src\\Illuminate\\Foundation\\Http\\Middleware\\ValidatePostSize.php(27): Illuminate\\Routing\\Pipeline->Illuminate\\Routing\\{closure}(Object(Illuminate\\Http\\Request))
#33 C:\\Herd\\wakeupict\\vendor\\laravel\\framework\\src\\Illuminate\\Pipeline\\Pipeline.php(163): Illuminate\\Foundation\\Http\\Middleware\\ValidatePostSize->handle(Object(Illuminate\\Http\\Request), Object(Closure))
#34 C:\\Herd\\wakeupict\\vendor\\laravel\\framework\\src\\Illuminate\\Routing\\Pipeline.php(53): Illuminate\\Pipeline\\Pipeline->Illuminate\\Pipeline\\{closure}(Object(Illuminate\\Http\\Request))
#35 C:\\Herd\\wakeupict\\vendor\\laravel\\framework\\src\\Illuminate\\Foundation\\Http\\Middleware\\CheckForMaintenanceMode.php(62): Illuminate\\Routing\\Pipeline->Illuminate\\Routing\\{closure}(Object(Illuminate\\Http\\Request))
#36 C:\\Herd\\wakeupict\\vendor\\laravel\\framework\\src\\Illuminate\\Pipeline\\Pipeline.php(163): Illuminate\\Foundation\\Http\\Middleware\\CheckForMaintenanceMode->handle(Object(Illuminate\\Http\\Request), Object(Closure))
#37 C:\\Herd\\wakeupict\\vendor\\laravel\\framework\\src\\Illuminate\\Routing\\Pipeline.php(53): Illuminate\\Pipeline\\Pipeline->Illuminate\\Pipeline\\{closure}(Object(Illuminate\\Http\\Request))
#38 C:\\Herd\\wakeupict\\vendor\\fideloper\\proxy\\src\\TrustProxies.php(57): Illuminate\\Routing\\Pipeline->Illuminate\\Routing\\{closure}(Object(Illuminate\\Http\\Request))
#39 C:\\Herd\\wakeupict\\vendor\\laravel\\framework\\src\\Illuminate\\Pipeline\\Pipeline.php(163): Fideloper\\Proxy\\TrustProxies->handle(Object(Illuminate\\Http\\Request), Object(Closure))
#40 C:\\Herd\\wakeupict\\vendor\\laravel\\framework\\src\\Illuminate\\Routing\\Pipeline.php(53): Illuminate\\Pipeline\\Pipeline->Illuminate\\Pipeline\\{closure}(Object(Illuminate\\Http\\Request))
#41 C:\\Herd\\wakeupict\\vendor\\laravel\\framework\\src\\Illuminate\\Pipeline\\Pipeline.php(104): Illuminate\\Routing\\Pipeline->Illuminate\\Routing\\{closure}(Object(Illuminate\\Http\\Request))
#42 C:\\Herd\\wakeupict\\vendor\\laravel\\framework\\src\\Illuminate\\Foundation\\Http\\Kernel.php(151): Illuminate\\Pipeline\\Pipeline->then(Object(Closure))
#43 C:\\Herd\\wakeupict\\vendor\\laravel\\framework\\src\\Illuminate\\Foundation\\Http\\Kernel.php(116): Illuminate\\Foundation\\Http\\Kernel->sendRequestThroughRouter(Object(Illuminate\\Http\\Request))
#44 C:\\Users\\Wake Up ICT\\.gemini\\antigravity-ide\\brain\\3057f3ef-2b6a-4759-943b-a267c8e3a4ca\\scratch\\catch_err.php(7): Illuminate\\Foundation\\Http\\Kernel->handle(Object(Illuminate\\Http\\Request))
#45 {main}
"} 
[2026-09-22 10:49:12] local.ERROR: Undefined index: REMOTE_ADDR {"exception":"[object] (ErrorException(code: 0): Undefined index: REMOTE_ADDR at C:\\Herd\\wakeupict\\app\\Http\\Controllers\\frontend\\theme\\clasic\\HomeController.php:28)
[stacktrace]
#0 C:\\Herd\\wakeupict\\app\\Http\\Controllers\\frontend\\theme\\clasic\\HomeController.php(28): Illuminate\\Foundation\\Bootstrap\\HandleExceptions->handleError(8, 'Undefined index...', 'C:\\\\Herd\\\\wakeupi...', 28, Array)
#1 [internal function]: App\\Http\\Controllers\\frontend\\theme\\clasic\\HomeController->index()
#2 C:\\Herd\\wakeupict\\vendor\\laravel\\framework\\src\\Illuminate\\Routing\\Controller.php(54): call_user_func_array(Array, Array)
#3 C:\\Herd\\wakeupict\\vendor\\laravel\\framework\\src\\Illuminate\\Routing\\ControllerDispatcher.php(45): Illuminate\\Routing\\Controller->callAction('index', Array)
#4 C:\\Herd\\wakeupict\\vendor\\laravel\\framework\\src\\Illuminate\\Routing\\Route.php(219): Illuminate\\Routing\\ControllerDispatcher->dispatch(Object(Illuminate\\Routing\\Route), Object(App\\Http\\Controllers\\frontend\\theme\\clasic\\HomeController), 'index')
#5 C:\\Herd\\wakeupict\\vendor\\laravel\\framework\\src\\Illuminate\\Routing\\Route.php(176): Illuminate\\Routing\\Route->runController()
#6 C:\\Herd\\wakeupict\\vendor\\laravel\\framework\\src\\Illuminate\\Routing\\Router.php(680): Illuminate\\Routing\\Route->run()
#7 C:\\Herd\\wakeupict\\vendor\\laravel\\framework\\src\\Illuminate\\Routing\\Pipeline.php(30): Illuminate\\Routing\\Router->Illuminate\\Routing\\{closure}(Object(Illuminate\\Http\\Request))
#8 C:\\Herd\\wakeupict\\app\\Http\\Middleware\\SetLocale.php(47): Illuminate\\Routing\\Pipeline->Illuminate\\Routing\\{closure}(Object(Illuminate\\Http\\Request))
#9 C:\\Herd\\wakeupict\\vendor\\laravel\\framework\\src\\Illuminate\\Pipeline\\Pipeline.php(163): App\\Http\\Middleware\\SetLocale->handle(Object(Illuminate\\Http\\Request), Object(Closure))
#10 C:\\Herd\\wakeupict\\vendor\\laravel\\framework\\src\\Illuminate\\Routing\\Pipeline.php(53): Illuminate\\Pipeline\\Pipeline->Illuminate\\Pipeline\\{closure}(Object(Illuminate\\Http\\Request))
#11 C:\\Herd\\wakeupict\\vendor\\laravel\\framework\\src\\Illuminate\\Routing\\Middleware\\SubstituteBindings.php(41): Illuminate\\Routing\\Pipeline->Illuminate\\Routing\\{closure}(Object(Illuminate\\Http\\Request))
#12 C:\\Herd\\wakeupict\\vendor\\laravel\\framework\\src\\Illuminate\\Pipeline\\Pipeline.php(163): Illuminate\\Routing\\Middleware\\SubstituteBindings->handle(Object(Illuminate\\Http\\Request), Object(Closure))
#13 C:\\Herd\\wakeupict\\vendor\\laravel\\framework\\src\\Illuminate\\Routing\\Pipeline.php(53): Illuminate\\Pipeline\\Pipeline->Illuminate\\Pipeline\\{closure}(Object(Illuminate\\Http\\Request))
#14 C:\\Herd\\wakeupict\\vendor\\laravel\\framework\\src\\Illuminate\\Foundation\\Http\\Middleware\\VerifyCsrfToken.php(75): Illuminate\\Routing\\Pipeline->Illuminate\\Routing\\{closure}(Object(Illuminate\\Http\\Request))
#15 C:\\Herd\\wakeupict\\vendor\\laravel\\framework\\src\\Illuminate\\Pipeline\\Pipeline.php(163): Illuminate\\Foundation\\Http\\Middleware\\VerifyCsrfToken->handle(Object(Illuminate\\Http\\Request), Object(Closure))
#16 C:\\Herd\\wakeupict\\vendor\\laravel\\framework\\src\\Illuminate\\Routing\\Pipeline.php(53): Illuminate\\Pipeline\\Pipeline->Illuminate\\Pipeline\\{closure}(Object(Illuminate\\Http\\Request))
#17 C:\\Herd\\wakeupict\\vendor\\laravel\\framework\\src\\Illuminate\\View\\Middleware\\ShareErrorsFromSession.php(49): Illuminate\\Routing\\Pipeline->Illuminate\\Routing\\{closure}(Object(Illuminate\\Http\\Request))
#18 C:\\Herd\\wakeupict\\vendor\\laravel\\framework\\src\\Illuminate\\Pipeline\\Pipeline.php(163): Illuminate\\View\\Middleware\\ShareErrorsFromSession->handle(Object(Illuminate\\Http\\Request), Object(Closure))
#19 C:\\Herd\\wakeupict\\vendor\\laravel\\framework\\src\\Illuminate\\Routing\\Pipeline.php(53): Illuminate\\Pipeline\\Pipeline->Illuminate\\Pipeline\\{closure}(Object(Illuminate\\Http\\Request))
#20 C:\\Herd\\wakeupict\\vendor\\laravel\\framework\\src\\Illuminate\\Session\\Middleware\\StartSession.php(56): Illuminate\\Routing\\Pipeline->Illuminate\\Routing\\{closure}(Object(Illuminate\\Http\\Request))
#21 C:\\Herd\\wakeupict\\vendor\\laravel\\framework\\src\\Illuminate\\Pipeline\\Pipeline.php(163): Illuminate\\Session\\Middleware\\StartSession->handle(Object(Illuminate\\Http\\Request), Object(Closure))
#22 C:\\Herd\\wakeupict\\vendor\\laravel\\framework\\src\\Illuminate\\Routing\\Pipeline.php(53): Illuminate\\Pipeline\\Pipeline->Illuminate\\Pipeline\\{closure}(Object(Illuminate\\Http\\Request))
#23 C:\\Herd\\wakeupict\\vendor\\laravel\\framework\\src\\Illuminate\\Cookie\\Middleware\\AddQueuedCookiesToResponse.php(37): Illuminate\\Routing\\Pipeline->Illuminate\\Routing\\{closure}(Object(Illuminate\\Http\\Request))
#24 C:\\Herd\\wakeupict\\vendor\\laravel\\framework\\src\\Illuminate\\Pipeline\\Pipeline.php(163): Illuminate\\Cookie\\Middleware\\AddQueuedCookiesToResponse->handle(Object(Illuminate\\Http\\Request), Object(Closure))
#25 C:\\Herd\\wakeupict\\vendor\\laravel\\framework\\src\\Illuminate\\Routing\\Pipeline.php(53): Illuminate\\Pipeline\\Pipeline->Illuminate\\Pipeline\\{closure}(Object(Illuminate\\Http\\Request))
#26 C:\\Herd\\wakeupict\\vendor\\laravel\\framework\\src\\Illuminate\\Cookie\\Middleware\\EncryptCookies.php(66): Illuminate\\Routing\\Pipeline->Illuminate\\Routing\\{closure}(Object(Illuminate\\Http\\Request))
#27 C:\\Herd\\wakeupict\\vendor\\laravel\\framework\\src\\Illuminate\\Pipeline\\Pipeline.php(163): Illuminate\\Cookie\\Middleware\\EncryptCookies->handle(Object(Illuminate\\Http\\Request), Object(Closure))
#28 C:\\Herd\\wakeupict\\vendor\\laravel\\framework\\src\\Illuminate\\Routing\\Pipeline.php(53): Illuminate\\Pipeline\\Pipeline->Illuminate\\Pipeline\\{closure}(Object(Illuminate\\Http\\Request))
#29 C:\\Herd\\wakeupict\\vendor\\laravel\\framework\\src\\Illuminate\\Pipeline\\Pipeline.php(104): Illuminate\\Routing\\Pipeline->Illuminate\\Routing\\{closure}(Object(Illuminate\\Http\\Request))
#30 C:\\Herd\\wakeupict\\vendor\\laravel\\framework\\src\\Illuminate\\Routing\\Router.php(682): Illuminate\\Pipeline\\Pipeline->then(Object(Closure))
#31 C:\\Herd\\wakeupict\\vendor\\laravel\\framework\\src\\Illuminate\\Routing\\Router.php(657): Illuminate\\Routing\\Router->runRouteWithinStack(Object(Illuminate\\Routing\\Route), Object(Illuminate\\Http\\Request))
#32 C:\\Herd\\wakeupict\\vendor\\laravel\\framework\\src\\Illuminate\\Routing\\Router.php(623): Illuminate\\Routing\\Router->runRoute(Object(Illuminate\\Http\\Request), Object(Illuminate\\Routing\\Route))
#33 C:\\Herd\\wakeupict\\vendor\\laravel\\framework\\src\\Illuminate\\Routing\\Router.php(612): Illuminate\\Routing\\Router->dispatchToRoute(Object(Illuminate\\Http\\Request))
#34 C:\\Herd\\wakeupict\\vendor\\laravel\\framework\\src\\Illuminate\\Foundation\\Http\\Kernel.php(176): Illuminate\\Routing\\Router->dispatch(Object(Illuminate\\Http\\Request))
#35 C:\\Herd\\wakeupict\\vendor\\laravel\\framework\\src\\Illuminate\\Routing\\Pipeline.php(30): Illuminate\\Foundation\\Http\\Kernel->Illuminate\\Foundation\\Http\\{closure}(Object(Illuminate\\Http\\Request))
#36 C:\\Herd\\wakeupict\\vendor\\laravel\\framework\\src\\Illuminate\\Foundation\\Http\\Middleware\\TransformsRequest.php(21): Illuminate\\Routing\\Pipeline->Illuminate\\Routing\\{closure}(Object(Illuminate\\Http\\Request))
#37 C:\\Herd\\wakeupict\\vendor\\laravel\\framework\\src\\Illuminate\\Pipeline\\Pipeline.php(163): Illuminate\\Foundation\\Http\\Middleware\\TransformsRequest->handle(Object(Illuminate\\Http\\Request), Object(Closure))
#38 C:\\Herd\\wakeupict\\vendor\\laravel\\framework\\src\\Illuminate\\Routing\\Pipeline.php(53): Illuminate\\Pipeline\\Pipeline->Illuminate\\Pipeline\\{closure}(Object(Illuminate\\Http\\Request))
#39 C:\\Herd\\wakeupict\\vendor\\laravel\\framework\\src\\Illuminate\\Foundation\\Http\\Middleware\\TransformsRequest.php(21): Illuminate\\Routing\\Pipeline->Illuminate\\Routing\\{closure}(Object(Illuminate\\Http\\Request))
#40 C:\\Herd\\wakeupict\\vendor\\laravel\\framework\\src\\Illuminate\\Pipeline\\Pipeline.php(163): Illuminate\\Foundation\\Http\\Middleware\\TransformsRequest->handle(Object(Illuminate\\Http\\Request), Object(Closure))
#41 C:\\Herd\\wakeupict\\vendor\\laravel\\framework\\src\\Illuminate\\Routing\\Pipeline.php(53): Illuminate\\Pipeline\\Pipeline->Illuminate\\Pipeline\\{closure}(Object(Illuminate\\Http\\Request))
#42 C:\\Herd\\wakeupict\\vendor\\laravel\\framework\\src\\Illuminate\\Foundation\\Http\\Middleware\\ValidatePostSize.php(27): Illuminate\\Routing\\Pipeline->Illuminate\\Routing\\{closure}(Object(Illuminate\\Http\\Request))
#43 C:\\Herd\\wakeupict\\vendor\\laravel\\framework\\src\\Illuminate\\Pipeline\\Pipeline.php(163): Illuminate\\Foundation\\Http\\Middleware\\ValidatePostSize->handle(Object(Illuminate\\Http\\Request), Object(Closure))
#44 C:\\Herd\\wakeupict\\vendor\\laravel\\framework\\src\\Illuminate\\Routing\\Pipeline.php(53): Illuminate\\Pipeline\\Pipeline->Illuminate\\Pipeline\\{closure}(Object(Illuminate\\Http\\Request))
#45 C:\\Herd\\wakeupict\\vendor\\laravel\\framework\\src\\Illuminate\\Foundation\\Http\\Middleware\\CheckForMaintenanceMode.php(62): Illuminate\\Routing\\Pipeline->Illuminate\\Routing\\{closure}(Object(Illuminate\\Http\\Request))
#46 C:\\Herd\\wakeupict\\vendor\\laravel\\framework\\src\\Illuminate\\Pipeline\\Pipeline.php(163): Illuminate\\Foundation\\Http\\Middleware\\CheckForMaintenanceMode->handle(Object(Illuminate\\Http\\Request), Object(Closure))
#47 C:\\Herd\\wakeupict\\vendor\\laravel\\framework\\src\\Illuminate\\Routing\\Pipeline.php(53): Illuminate\\Pipeline\\Pipeline->Illuminate\\Pipeline\\{closure}(Object(Illuminate\\Http\\Request))
#48 C:\\Herd\\wakeupict\\vendor\\fideloper\\proxy\\src\\TrustProxies.php(57): Illuminate\\Routing\\Pipeline->Illuminate\\Routing\\{closure}(Object(Illuminate\\Http\\Request))
#49 C:\\Herd\\wakeupict\\vendor\\laravel\\framework\\src\\Illuminate\\Pipeline\\Pipeline.php(163): Fideloper\\Proxy\\TrustProxies->handle(Object(Illuminate\\Http\\Request), Object(Closure))
#50 C:\\Herd\\wakeupict\\vendor\\laravel\\framework\\src\\Illuminate\\Routing\\Pipeline.php(53): Illuminate\\Pipeline\\Pipeline->Illuminate\\Pipeline\\{closure}(Object(Illuminate\\Http\\Request))
#51 C:\\Herd\\wakeupict\\vendor\\laravel\\framework\\src\\Illuminate\\Pipeline\\Pipeline.php(104): Illuminate\\Routing\\Pipeline->Illuminate\\Routing\\{closure}(Object(Illuminate\\Http\\Request))
#52 C:\\Herd\\wakeupict\\vendor\\laravel\\framework\\src\\Illuminate\\Foundation\\Http\\Kernel.php(151): Illuminate\\Pipeline\\Pipeline->then(Object(Closure))
#53 C:\\Herd\\wakeupict\\vendor\\laravel\\framework\\src\\Illuminate\\Foundation\\Http\\Kernel.php(116): Illuminate\\Foundation\\Http\\Kernel->sendRequestThroughRouter(Object(Illuminate\\Http\\Request))
#54 C:\\Users\\Wake Up ICT\\.gemini\\antigravity-ide\\brain\\3057f3ef-2b6a-4759-943b-a267c8e3a4ca\\scratch\\test_locale_theme.php(11): Illuminate\\Foundation\\Http\\Kernel->handle(Object(Illuminate\\Http\\Request))
#55 {main}
"} 
[2026-09-22 10:49:12] local.ERROR: Undefined index: REMOTE_ADDR {"exception":"[object] (ErrorException(code: 0): Undefined index: REMOTE_ADDR at C:\\Herd\\wakeupict\\app\\Http\\Controllers\\frontend\\theme\\clasic\\HomeController.php:28)
[stacktrace]
#0 C:\\Herd\\wakeupict\\app\\Http\\Controllers\\frontend\\theme\\clasic\\HomeController.php(28): Illuminate\\Foundation\\Bootstrap\\HandleExceptions->handleError(8, 'Undefined index...', 'C:\\\\Herd\\\\wakeupi...', 28, Array)
#1 [internal function]: App\\Http\\Controllers\\frontend\\theme\\clasic\\HomeController->index()
#2 C:\\Herd\\wakeupict\\vendor\\laravel\\framework\\src\\Illuminate\\Routing\\Controller.php(54): call_user_func_array(Array, Array)
#3 C:\\Herd\\wakeupict\\vendor\\laravel\\framework\\src\\Illuminate\\Routing\\ControllerDispatcher.php(45): Illuminate\\Routing\\Controller->callAction('index', Array)
#4 C:\\Herd\\wakeupict\\vendor\\laravel\\framework\\src\\Illuminate\\Routing\\Route.php(219): Illuminate\\Routing\\ControllerDispatcher->dispatch(Object(Illuminate\\Routing\\Route), Object(App\\Http\\Controllers\\frontend\\theme\\clasic\\HomeController), 'index')
#5 C:\\Herd\\wakeupict\\vendor\\laravel\\framework\\src\\Illuminate\\Routing\\Route.php(176): Illuminate\\Routing\\Route->runController()
#6 C:\\Herd\\wakeupict\\vendor\\laravel\\framework\\src\\Illuminate\\Routing\\Router.php(680): Illuminate\\Routing\\Route->run()
#7 C:\\Herd\\wakeupict\\vendor\\laravel\\framework\\src\\Illuminate\\Routing\\Pipeline.php(30): Illuminate\\Routing\\Router->Illuminate\\Routing\\{closure}(Object(Illuminate\\Http\\Request))
#8 C:\\Herd\\wakeupict\\app\\Http\\Middleware\\SetLocale.php(47): Illuminate\\Routing\\Pipeline->Illuminate\\Routing\\{closure}(Object(Illuminate\\Http\\Request))
#9 C:\\Herd\\wakeupict\\vendor\\laravel\\framework\\src\\Illuminate\\Pipeline\\Pipeline.php(163): App\\Http\\Middleware\\SetLocale->handle(Object(Illuminate\\Http\\Request), Object(Closure))
#10 C:\\Herd\\wakeupict\\vendor\\laravel\\framework\\src\\Illuminate\\Routing\\Pipeline.php(53): Illuminate\\Pipeline\\Pipeline->Illuminate\\Pipeline\\{closure}(Object(Illuminate\\Http\\Request))
#11 C:\\Herd\\wakeupict\\vendor\\laravel\\framework\\src\\Illuminate\\Routing\\Middleware\\SubstituteBindings.php(41): Illuminate\\Routing\\Pipeline->Illuminate\\Routing\\{closure}(Object(Illuminate\\Http\\Request))
#12 C:\\Herd\\wakeupict\\vendor\\laravel\\framework\\src\\Illuminate\\Pipeline\\Pipeline.php(163): Illuminate\\Routing\\Middleware\\SubstituteBindings->handle(Object(Illuminate\\Http\\Request), Object(Closure))
#13 C:\\Herd\\wakeupict\\vendor\\laravel\\framework\\src\\Illuminate\\Routing\\Pipeline.php(53): Illuminate\\Pipeline\\Pipeline->Illuminate\\Pipeline\\{closure}(Object(Illuminate\\Http\\Request))
#14 C:\\Herd\\wakeupict\\vendor\\laravel\\framework\\src\\Illuminate\\Foundation\\Http\\Middleware\\VerifyCsrfToken.php(75): Illuminate\\Routing\\Pipeline->Illuminate\\Routing\\{closure}(Object(Illuminate\\Http\\Request))
#15 C:\\Herd\\wakeupict\\vendor\\laravel\\framework\\src\\Illuminate\\Pipeline\\Pipeline.php(163): Illuminate\\Foundation\\Http\\Middleware\\VerifyCsrfToken->handle(Object(Illuminate\\Http\\Request), Object(Closure))
#16 C:\\Herd\\wakeupict\\vendor\\laravel\\framework\\src\\Illuminate\\Routing\\Pipeline.php(53): Illuminate\\Pipeline\\Pipeline->Illuminate\\Pipeline\\{closure}(Object(Illuminate\\Http\\Request))
#17 C:\\Herd\\wakeupict\\vendor\\laravel\\framework\\src\\Illuminate\\View\\Middleware\\ShareErrorsFromSession.php(49): Illuminate\\Routing\\Pipeline->Illuminate\\Routing\\{closure}(Object(Illuminate\\Http\\Request))
#18 C:\\Herd\\wakeupict\\vendor\\laravel\\framework\\src\\Illuminate\\Pipeline\\Pipeline.php(163): Illuminate\\View\\Middleware\\ShareErrorsFromSession->handle(Object(Illuminate\\Http\\Request), Object(Closure))
#19 C:\\Herd\\wakeupict\\vendor\\laravel\\framework\\src\\Illuminate\\Routing\\Pipeline.php(53): Illuminate\\Pipeline\\Pipeline->Illuminate\\Pipeline\\{closure}(Object(Illuminate\\Http\\Request))
#20 C:\\Herd\\wakeupict\\vendor\\laravel\\framework\\src\\Illuminate\\Session\\Middleware\\StartSession.php(56): Illuminate\\Routing\\Pipeline->Illuminate\\Routing\\{closure}(Object(Illuminate\\Http\\Request))
#21 C:\\Herd\\wakeupict\\vendor\\laravel\\framework\\src\\Illuminate\\Pipeline\\Pipeline.php(163): Illuminate\\Session\\Middleware\\StartSession->handle(Object(Illuminate\\Http\\Request), Object(Closure))
#22 C:\\Herd\\wakeupict\\vendor\\laravel\\framework\\src\\Illuminate\\Routing\\Pipeline.php(53): Illuminate\\Pipeline\\Pipeline->Illuminate\\Pipeline\\{closure}(Object(Illuminate\\Http\\Request))
#23 C:\\Herd\\wakeupict\\vendor\\laravel\\framework\\src\\Illuminate\\Cookie\\Middleware\\AddQueuedCookiesToResponse.php(37): Illuminate\\Routing\\Pipeline->Illuminate\\Routing\\{closure}(Object(Illuminate\\Http\\Request))
#24 C:\\Herd\\wakeupict\\vendor\\laravel\\framework\\src\\Illuminate\\Pipeline\\Pipeline.php(163): Illuminate\\Cookie\\Middleware\\AddQueuedCookiesToResponse->handle(Object(Illuminate\\Http\\Request), Object(Closure))
#25 C:\\Herd\\wakeupict\\vendor\\laravel\\framework\\src\\Illuminate\\Routing\\Pipeline.php(53): Illuminate\\Pipeline\\Pipeline->Illuminate\\Pipeline\\{closure}(Object(Illuminate\\Http\\Request))
#26 C:\\Herd\\wakeupict\\vendor\\laravel\\framework\\src\\Illuminate\\Cookie\\Middleware\\EncryptCookies.php(66): Illuminate\\Routing\\Pipeline->Illuminate\\Routing\\{closure}(Object(Illuminate\\Http\\Request))
#27 C:\\Herd\\wakeupict\\vendor\\laravel\\framework\\src\\Illuminate\\Pipeline\\Pipeline.php(163): Illuminate\\Cookie\\Middleware\\EncryptCookies->handle(Object(Illuminate\\Http\\Request), Object(Closure))
#28 C:\\Herd\\wakeupict\\vendor\\laravel\\framework\\src\\Illuminate\\Routing\\Pipeline.php(53): Illuminate\\Pipeline\\Pipeline->Illuminate\\Pipeline\\{closure}(Object(Illuminate\\Http\\Request))
#29 C:\\Herd\\wakeupict\\vendor\\laravel\\framework\\src\\Illuminate\\Pipeline\\Pipeline.php(104): Illuminate\\Routing\\Pipeline->Illuminate\\Routing\\{closure}(Object(Illuminate\\Http\\Request))
#30 C:\\Herd\\wakeupict\\vendor\\laravel\\framework\\src\\Illuminate\\Routing\\Router.php(682): Illuminate\\Pipeline\\Pipeline->then(Object(Closure))
#31 C:\\Herd\\wakeupict\\vendor\\laravel\\framework\\src\\Illuminate\\Routing\\Router.php(657): Illuminate\\Routing\\Router->runRouteWithinStack(Object(Illuminate\\Routing\\Route), Object(Illuminate\\Http\\Request))
#32 C:\\Herd\\wakeupict\\vendor\\laravel\\framework\\src\\Illuminate\\Routing\\Router.php(623): Illuminate\\Routing\\Router->runRoute(Object(Illuminate\\Http\\Request), Object(Illuminate\\Routing\\Route))
#33 C:\\Herd\\wakeupict\\vendor\\laravel\\framework\\src\\Illuminate\\Routing\\Router.php(612): Illuminate\\Routing\\Router->dispatchToRoute(Object(Illuminate\\Http\\Request))
#34 C:\\Herd\\wakeupict\\vendor\\laravel\\framework\\src\\Illuminate\\Foundation\\Http\\Kernel.php(176): Illuminate\\Routing\\Router->dispatch(Object(Illuminate\\Http\\Request))
#35 C:\\Herd\\wakeupict\\vendor\\laravel\\framework\\src\\Illuminate\\Routing\\Pipeline.php(30): Illuminate\\Foundation\\Http\\Kernel->Illuminate\\Foundation\\Http\\{closure}(Object(Illuminate\\Http\\Request))
#36 C:\\Herd\\wakeupict\\vendor\\laravel\\framework\\src\\Illuminate\\Foundation\\Http\\Middleware\\TransformsRequest.php(21): Illuminate\\Routing\\Pipeline->Illuminate\\Routing\\{closure}(Object(Illuminate\\Http\\Request))
#37 C:\\Herd\\wakeupict\\vendor\\laravel\\framework\\src\\Illuminate\\Pipeline\\Pipeline.php(163): Illuminate\\Foundation\\Http\\Middleware\\TransformsRequest->handle(Object(Illuminate\\Http\\Request), Object(Closure))
#38 C:\\Herd\\wakeupict\\vendor\\laravel\\framework\\src\\Illuminate\\Routing\\Pipeline.php(53): Illuminate\\Pipeline\\Pipeline->Illuminate\\Pipeline\\{closure}(Object(Illuminate\\Http\\Request))
#39 C:\\Herd\\wakeupict\\vendor\\laravel\\framework\\src\\Illuminate\\Foundation\\Http\\Middleware\\TransformsRequest.php(21): Illuminate\\Routing\\Pipeline->Illuminate\\Routing\\{closure}(Object(Illuminate\\Http\\Request))
#40 C:\\Herd\\wakeupict\\vendor\\laravel\\framework\\src\\Illuminate\\Pipeline\\Pipeline.php(163): Illuminate\\Foundation\\Http\\Middleware\\TransformsRequest->handle(Object(Illuminate\\Http\\Request), Object(Closure))
#41 C:\\Herd\\wakeupict\\vendor\\laravel\\framework\\src\\Illuminate\\Routing\\Pipeline.php(53): Illuminate\\Pipeline\\Pipeline->Illuminate\\Pipeline\\{closure}(Object(Illuminate\\Http\\Request))
#42 C:\\Herd\\wakeupict\\vendor\\laravel\\framework\\src\\Illuminate\\Foundation\\Http\\Middleware\\ValidatePostSize.php(27): Illuminate\\Routing\\Pipeline->Illuminate\\Routing\\{closure}(Object(Illuminate\\Http\\Request))
#43 C:\\Herd\\wakeupict\\vendor\\laravel\\framework\\src\\Illuminate\\Pipeline\\Pipeline.php(163): Illuminate\\Foundation\\Http\\Middleware\\ValidatePostSize->handle(Object(Illuminate\\Http\\Request), Object(Closure))
#44 C:\\Herd\\wakeupict\\vendor\\laravel\\framework\\src\\Illuminate\\Routing\\Pipeline.php(53): Illuminate\\Pipeline\\Pipeline->Illuminate\\Pipeline\\{closure}(Object(Illuminate\\Http\\Request))
#45 C:\\Herd\\wakeupict\\vendor\\laravel\\framework\\src\\Illuminate\\Foundation\\Http\\Middleware\\CheckForMaintenanceMode.php(62): Illuminate\\Routing\\Pipeline->Illuminate\\Routing\\{closure}(Object(Illuminate\\Http\\Request))
#46 C:\\Herd\\wakeupict\\vendor\\laravel\\framework\\src\\Illuminate\\Pipeline\\Pipeline.php(163): Illuminate\\Foundation\\Http\\Middleware\\CheckForMaintenanceMode->handle(Object(Illuminate\\Http\\Request), Object(Closure))
#47 C:\\Herd\\wakeupict\\vendor\\laravel\\framework\\src\\Illuminate\\Routing\\Pipeline.php(53): Illuminate\\Pipeline\\Pipeline->Illuminate\\Pipeline\\{closure}(Object(Illuminate\\Http\\Request))
#48 C:\\Herd\\wakeupict\\vendor\\fideloper\\proxy\\src\\TrustProxies.php(57): Illuminate\\Routing\\Pipeline->Illuminate\\Routing\\{closure}(Object(Illuminate\\Http\\Request))
#49 C:\\Herd\\wakeupict\\vendor\\laravel\\framework\\src\\Illuminate\\Pipeline\\Pipeline.php(163): Fideloper\\Proxy\\TrustProxies->handle(Object(Illuminate\\Http\\Request), Object(Closure))
#50 C:\\Herd\\wakeupict\\vendor\\laravel\\framework\\src\\Illuminate\\Routing\\Pipeline.php(53): Illuminate\\Pipeline\\Pipeline->Illuminate\\Pipeline\\{closure}(Object(Illuminate\\Http\\Request))
#51 C:\\Herd\\wakeupict\\vendor\\laravel\\framework\\src\\Illuminate\\Pipeline\\Pipeline.php(104): Illuminate\\Routing\\Pipeline->Illuminate\\Routing\\{closure}(Object(Illuminate\\Http\\Request))
#52 C:\\Herd\\wakeupict\\vendor\\laravel\\framework\\src\\Illuminate\\Foundation\\Http\\Kernel.php(151): Illuminate\\Pipeline\\Pipeline->then(Object(Closure))
#53 C:\\Herd\\wakeupict\\vendor\\laravel\\framework\\src\\Illuminate\\Foundation\\Http\\Kernel.php(116): Illuminate\\Foundation\\Http\\Kernel->sendRequestThroughRouter(Object(Illuminate\\Http\\Request))
#54 C:\\Users\\Wake Up ICT\\.gemini\\antigravity-ide\\brain\\3057f3ef-2b6a-4759-943b-a267c8e3a4ca\\scratch\\test_locale_theme.php(24): Illuminate\\Foundation\\Http\\Kernel->handle(Object(Illuminate\\Http\\Request))
#55 {main}
"} 
[2026-09-22 11:18:22] local.ERROR: Undefined index: REMOTE_ADDR {"exception":"[object] (ErrorException(code: 0): Undefined index: REMOTE_ADDR at C:\\Herd\\wakeupict\\app\\Http\\Controllers\\frontend\\theme\\clasic\\HomeController.php:28)
[stacktrace]
#0 C:\\Herd\\wakeupict\\app\\Http\\Controllers\\frontend\\theme\\clasic\\HomeController.php(28): Illuminate\\Foundation\\Bootstrap\\HandleExceptions->handleError(8, 'Undefined index...', 'C:\\\\Herd\\\\wakeupi...', 28, Array)
#1 [internal function]: App\\Http\\Controllers\\frontend\\theme\\clasic\\HomeController->index()
#2 C:\\Herd\\wakeupict\\vendor\\laravel\\framework\\src\\Illuminate\\Routing\\Controller.php(54): call_user_func_array(Array, Array)
#3 C:\\Herd\\wakeupict\\vendor\\laravel\\framework\\src\\Illuminate\\Routing\\ControllerDispatcher.php(45): Illuminate\\Routing\\Controller->callAction('index', Array)
#4 C:\\Herd\\wakeupict\\vendor\\laravel\\framework\\src\\Illuminate\\Routing\\Route.php(219): Illuminate\\Routing\\ControllerDispatcher->dispatch(Object(Illuminate\\Routing\\Route), Object(App\\Http\\Controllers\\frontend\\theme\\clasic\\HomeController), 'index')
#5 C:\\Herd\\wakeupict\\vendor\\laravel\\framework\\src\\Illuminate\\Routing\\Route.php(176): Illuminate\\Routing\\Route->runController()
#6 C:\\Herd\\wakeupict\\vendor\\laravel\\framework\\src\\Illuminate\\Routing\\Router.php(680): Illuminate\\Routing\\Route->run()
#7 C:\\Herd\\wakeupict\\vendor\\laravel\\framework\\src\\Illuminate\\Routing\\Pipeline.php(30): Illuminate\\Routing\\Router->Illuminate\\Routing\\{closure}(Object(Illuminate\\Http\\Request))
#8 C:\\Herd\\wakeupict\\app\\Http\\Middleware\\SetLocale.php(47): Illuminate\\Routing\\Pipeline->Illuminate\\Routing\\{closure}(Object(Illuminate\\Http\\Request))
#9 C:\\Herd\\wakeupict\\vendor\\laravel\\framework\\src\\Illuminate\\Pipeline\\Pipeline.php(163): App\\Http\\Middleware\\SetLocale->handle(Object(Illuminate\\Http\\Request), Object(Closure))
#10 C:\\Herd\\wakeupict\\vendor\\laravel\\framework\\src\\Illuminate\\Routing\\Pipeline.php(53): Illuminate\\Pipeline\\Pipeline->Illuminate\\Pipeline\\{closure}(Object(Illuminate\\Http\\Request))
#11 C:\\Herd\\wakeupict\\vendor\\laravel\\framework\\src\\Illuminate\\Routing\\Middleware\\SubstituteBindings.php(41): Illuminate\\Routing\\Pipeline->Illuminate\\Routing\\{closure}(Object(Illuminate\\Http\\Request))
#12 C:\\Herd\\wakeupict\\vendor\\laravel\\framework\\src\\Illuminate\\Pipeline\\Pipeline.php(163): Illuminate\\Routing\\Middleware\\SubstituteBindings->handle(Object(Illuminate\\Http\\Request), Object(Closure))
#13 C:\\Herd\\wakeupict\\vendor\\laravel\\framework\\src\\Illuminate\\Routing\\Pipeline.php(53): Illuminate\\Pipeline\\Pipeline->Illuminate\\Pipeline\\{closure}(Object(Illuminate\\Http\\Request))
#14 C:\\Herd\\wakeupict\\vendor\\laravel\\framework\\src\\Illuminate\\Foundation\\Http\\Middleware\\VerifyCsrfToken.php(75): Illuminate\\Routing\\Pipeline->Illuminate\\Routing\\{closure}(Object(Illuminate\\Http\\Request))
#15 C:\\Herd\\wakeupict\\vendor\\laravel\\framework\\src\\Illuminate\\Pipeline\\Pipeline.php(163): Illuminate\\Foundation\\Http\\Middleware\\VerifyCsrfToken->handle(Object(Illuminate\\Http\\Request), Object(Closure))
#16 C:\\Herd\\wakeupict\\vendor\\laravel\\framework\\src\\Illuminate\\Routing\\Pipeline.php(53): Illuminate\\Pipeline\\Pipeline->Illuminate\\Pipeline\\{closure}(Object(Illuminate\\Http\\Request))
#17 C:\\Herd\\wakeupict\\vendor\\laravel\\framework\\src\\Illuminate\\View\\Middleware\\ShareErrorsFromSession.php(49): Illuminate\\Routing\\Pipeline->Illuminate\\Routing\\{closure}(Object(Illuminate\\Http\\Request))
#18 C:\\Herd\\wakeupict\\vendor\\laravel\\framework\\src\\Illuminate\\Pipeline\\Pipeline.php(163): Illuminate\\View\\Middleware\\ShareErrorsFromSession->handle(Object(Illuminate\\Http\\Request), Object(Closure))
#19 C:\\Herd\\wakeupict\\vendor\\laravel\\framework\\src\\Illuminate\\Routing\\Pipeline.php(53): Illuminate\\Pipeline\\Pipeline->Illuminate\\Pipeline\\{closure}(Object(Illuminate\\Http\\Request))
#20 C:\\Herd\\wakeupict\\vendor\\laravel\\framework\\src\\Illuminate\\Session\\Middleware\\StartSession.php(56): Illuminate\\Routing\\Pipeline->Illuminate\\Routing\\{closure}(Object(Illuminate\\Http\\Request))
#21 C:\\Herd\\wakeupict\\vendor\\laravel\\framework\\src\\Illuminate\\Pipeline\\Pipeline.php(163): Illuminate\\Session\\Middleware\\StartSession->handle(Object(Illuminate\\Http\\Request), Object(Closure))
#22 C:\\Herd\\wakeupict\\vendor\\laravel\\framework\\src\\Illuminate\\Routing\\Pipeline.php(53): Illuminate\\Pipeline\\Pipeline->Illuminate\\Pipeline\\{closure}(Object(Illuminate\\Http\\Request))
#23 C:\\Herd\\wakeupict\\vendor\\laravel\\framework\\src\\Illuminate\\Cookie\\Middleware\\AddQueuedCookiesToResponse.php(37): Illuminate\\Routing\\Pipeline->Illuminate\\Routing\\{closure}(Object(Illuminate\\Http\\Request))
#24 C:\\Herd\\wakeupict\\vendor\\laravel\\framework\\src\\Illuminate\\Pipeline\\Pipeline.php(163): Illuminate\\Cookie\\Middleware\\AddQueuedCookiesToResponse->handle(Object(Illuminate\\Http\\Request), Object(Closure))
#25 C:\\Herd\\wakeupict\\vendor\\laravel\\framework\\src\\Illuminate\\Routing\\Pipeline.php(53): Illuminate\\Pipeline\\Pipeline->Illuminate\\Pipeline\\{closure}(Object(Illuminate\\Http\\Request))
#26 C:\\Herd\\wakeupict\\vendor\\laravel\\framework\\src\\Illuminate\\Cookie\\Middleware\\EncryptCookies.php(66): Illuminate\\Routing\\Pipeline->Illuminate\\Routing\\{closure}(Object(Illuminate\\Http\\Request))
#27 C:\\Herd\\wakeupict\\vendor\\laravel\\framework\\src\\Illuminate\\Pipeline\\Pipeline.php(163): Illuminate\\Cookie\\Middleware\\EncryptCookies->handle(Object(Illuminate\\Http\\Request), Object(Closure))
#28 C:\\Herd\\wakeupict\\vendor\\laravel\\framework\\src\\Illuminate\\Routing\\Pipeline.php(53): Illuminate\\Pipeline\\Pipeline->Illuminate\\Pipeline\\{closure}(Object(Illuminate\\Http\\Request))
#29 C:\\Herd\\wakeupict\\vendor\\laravel\\framework\\src\\Illuminate\\Pipeline\\Pipeline.php(104): Illuminate\\Routing\\Pipeline->Illuminate\\Routing\\{closure}(Object(Illuminate\\Http\\Request))
#30 C:\\Herd\\wakeupict\\vendor\\laravel\\framework\\src\\Illuminate\\Routing\\Router.php(682): Illuminate\\Pipeline\\Pipeline->then(Object(Closure))
#31 C:\\Herd\\wakeupict\\vendor\\laravel\\framework\\src\\Illuminate\\Routing\\Router.php(657): Illuminate\\Routing\\Router->runRouteWithinStack(Object(Illuminate\\Routing\\Route), Object(Illuminate\\Http\\Request))
#32 C:\\Herd\\wakeupict\\vendor\\laravel\\framework\\src\\Illuminate\\Routing\\Router.php(623): Illuminate\\Routing\\Router->runRoute(Object(Illuminate\\Http\\Request), Object(Illuminate\\Routing\\Route))
#33 C:\\Herd\\wakeupict\\vendor\\laravel\\framework\\src\\Illuminate\\Routing\\Router.php(612): Illuminate\\Routing\\Router->dispatchToRoute(Object(Illuminate\\Http\\Request))
#34 C:\\Herd\\wakeupict\\vendor\\laravel\\framework\\src\\Illuminate\\Foundation\\Http\\Kernel.php(176): Illuminate\\Routing\\Router->dispatch(Object(Illuminate\\Http\\Request))
#35 C:\\Herd\\wakeupict\\vendor\\laravel\\framework\\src\\Illuminate\\Routing\\Pipeline.php(30): Illuminate\\Foundation\\Http\\Kernel->Illuminate\\Foundation\\Http\\{closure}(Object(Illuminate\\Http\\Request))
#36 C:\\Herd\\wakeupict\\vendor\\laravel\\framework\\src\\Illuminate\\Foundation\\Http\\Middleware\\TransformsRequest.php(21): Illuminate\\Routing\\Pipeline->Illuminate\\Routing\\{closure}(Object(Illuminate\\Http\\Request))
#37 C:\\Herd\\wakeupict\\vendor\\laravel\\framework\\src\\Illuminate\\Pipeline\\Pipeline.php(163): Illuminate\\Foundation\\Http\\Middleware\\TransformsRequest->handle(Object(Illuminate\\Http\\Request), Object(Closure))
#38 C:\\Herd\\wakeupict\\vendor\\laravel\\framework\\src\\Illuminate\\Routing\\Pipeline.php(53): Illuminate\\Pipeline\\Pipeline->Illuminate\\Pipeline\\{closure}(Object(Illuminate\\Http\\Request))
#39 C:\\Herd\\wakeupict\\vendor\\laravel\\framework\\src\\Illuminate\\Foundation\\Http\\Middleware\\TransformsRequest.php(21): Illuminate\\Routing\\Pipeline->Illuminate\\Routing\\{closure}(Object(Illuminate\\Http\\Request))
#40 C:\\Herd\\wakeupict\\vendor\\laravel\\framework\\src\\Illuminate\\Pipeline\\Pipeline.php(163): Illuminate\\Foundation\\Http\\Middleware\\TransformsRequest->handle(Object(Illuminate\\Http\\Request), Object(Closure))
#41 C:\\Herd\\wakeupict\\vendor\\laravel\\framework\\src\\Illuminate\\Routing\\Pipeline.php(53): Illuminate\\Pipeline\\Pipeline->Illuminate\\Pipeline\\{closure}(Object(Illuminate\\Http\\Request))
#42 C:\\Herd\\wakeupict\\vendor\\laravel\\framework\\src\\Illuminate\\Foundation\\Http\\Middleware\\ValidatePostSize.php(27): Illuminate\\Routing\\Pipeline->Illuminate\\Routing\\{closure}(Object(Illuminate\\Http\\Request))
#43 C:\\Herd\\wakeupict\\vendor\\laravel\\framework\\src\\Illuminate\\Pipeline\\Pipeline.php(163): Illuminate\\Foundation\\Http\\Middleware\\ValidatePostSize->handle(Object(Illuminate\\Http\\Request), Object(Closure))
#44 C:\\Herd\\wakeupict\\vendor\\laravel\\framework\\src\\Illuminate\\Routing\\Pipeline.php(53): Illuminate\\Pipeline\\Pipeline->Illuminate\\Pipeline\\{closure}(Object(Illuminate\\Http\\Request))
#45 C:\\Herd\\wakeupict\\vendor\\laravel\\framework\\src\\Illuminate\\Foundation\\Http\\Middleware\\CheckForMaintenanceMode.php(62): Illuminate\\Routing\\Pipeline->Illuminate\\Routing\\{closure}(Object(Illuminate\\Http\\Request))
#46 C:\\Herd\\wakeupict\\vendor\\laravel\\framework\\src\\Illuminate\\Pipeline\\Pipeline.php(163): Illuminate\\Foundation\\Http\\Middleware\\CheckForMaintenanceMode->handle(Object(Illuminate\\Http\\Request), Object(Closure))
#47 C:\\Herd\\wakeupict\\vendor\\laravel\\framework\\src\\Illuminate\\Routing\\Pipeline.php(53): Illuminate\\Pipeline\\Pipeline->Illuminate\\Pipeline\\{closure}(Object(Illuminate\\Http\\Request))
#48 C:\\Herd\\wakeupict\\vendor\\fideloper\\proxy\\src\\TrustProxies.php(57): Illuminate\\Routing\\Pipeline->Illuminate\\Routing\\{closure}(Object(Illuminate\\Http\\Request))
#49 C:\\Herd\\wakeupict\\vendor\\laravel\\framework\\src\\Illuminate\\Pipeline\\Pipeline.php(163): Fideloper\\Proxy\\TrustProxies->handle(Object(Illuminate\\Http\\Request), Object(Closure))
#50 C:\\Herd\\wakeupict\\vendor\\laravel\\framework\\src\\Illuminate\\Routing\\Pipeline.php(53): Illuminate\\Pipeline\\Pipeline->Illuminate\\Pipeline\\{closure}(Object(Illuminate\\Http\\Request))
#51 C:\\Herd\\wakeupict\\vendor\\laravel\\framework\\src\\Illuminate\\Pipeline\\Pipeline.php(104): Illuminate\\Routing\\Pipeline->Illuminate\\Routing\\{closure}(Object(Illuminate\\Http\\Request))
#52 C:\\Herd\\wakeupict\\vendor\\laravel\\framework\\src\\Illuminate\\Foundation\\Http\\Kernel.php(151): Illuminate\\Pipeline\\Pipeline->then(Object(Closure))
#53 C:\\Herd\\wakeupict\\vendor\\laravel\\framework\\src\\Illuminate\\Foundation\\Http\\Kernel.php(116): Illuminate\\Foundation\\Http\\Kernel->sendRequestThroughRouter(Object(Illuminate\\Http\\Request))
#54 C:\\Users\\Wake Up ICT\\.gemini\\antigravity-ide\\brain\\3057f3ef-2b6a-4759-943b-a267c8e3a4ca\\scratch\\test_all_frontend_pages.php(21): Illuminate\\Foundation\\Http\\Kernel->handle(Object(Illuminate\\Http\\Request))
#55 {main}
"} 
[2026-09-22 11:18:27] local.ERROR: Undefined index: REMOTE_ADDR {"exception":"[object] (ErrorException(code: 0): Undefined index: REMOTE_ADDR at C:\\Herd\\wakeupict\\app\\Http\\Controllers\\frontend\\theme\\clasic\\HomeController.php:28)
[stacktrace]
#0 C:\\Herd\\wakeupict\\app\\Http\\Controllers\\frontend\\theme\\clasic\\HomeController.php(28): Illuminate\\Foundation\\Bootstrap\\HandleExceptions->handleError(8, 'Undefined index...', 'C:\\\\Herd\\\\wakeupi...', 28, Array)
#1 [internal function]: App\\Http\\Controllers\\frontend\\theme\\clasic\\HomeController->index()
#2 C:\\Herd\\wakeupict\\vendor\\laravel\\framework\\src\\Illuminate\\Routing\\Controller.php(54): call_user_func_array(Array, Array)
#3 C:\\Herd\\wakeupict\\vendor\\laravel\\framework\\src\\Illuminate\\Routing\\ControllerDispatcher.php(45): Illuminate\\Routing\\Controller->callAction('index', Array)
#4 C:\\Herd\\wakeupict\\vendor\\laravel\\framework\\src\\Illuminate\\Routing\\Route.php(219): Illuminate\\Routing\\ControllerDispatcher->dispatch(Object(Illuminate\\Routing\\Route), Object(App\\Http\\Controllers\\frontend\\theme\\clasic\\HomeController), 'index')
#5 C:\\Herd\\wakeupict\\vendor\\laravel\\framework\\src\\Illuminate\\Routing\\Route.php(176): Illuminate\\Routing\\Route->runController()
#6 C:\\Herd\\wakeupict\\vendor\\laravel\\framework\\src\\Illuminate\\Routing\\Router.php(680): Illuminate\\Routing\\Route->run()
#7 C:\\Herd\\wakeupict\\vendor\\laravel\\framework\\src\\Illuminate\\Routing\\Pipeline.php(30): Illuminate\\Routing\\Router->Illuminate\\Routing\\{closure}(Object(Illuminate\\Http\\Request))
#8 C:\\Herd\\wakeupict\\app\\Http\\Middleware\\SetLocale.php(47): Illuminate\\Routing\\Pipeline->Illuminate\\Routing\\{closure}(Object(Illuminate\\Http\\Request))
#9 C:\\Herd\\wakeupict\\vendor\\laravel\\framework\\src\\Illuminate\\Pipeline\\Pipeline.php(163): App\\Http\\Middleware\\SetLocale->handle(Object(Illuminate\\Http\\Request), Object(Closure))
#10 C:\\Herd\\wakeupict\\vendor\\laravel\\framework\\src\\Illuminate\\Routing\\Pipeline.php(53): Illuminate\\Pipeline\\Pipeline->Illuminate\\Pipeline\\{closure}(Object(Illuminate\\Http\\Request))
#11 C:\\Herd\\wakeupict\\vendor\\laravel\\framework\\src\\Illuminate\\Routing\\Middleware\\SubstituteBindings.php(41): Illuminate\\Routing\\Pipeline->Illuminate\\Routing\\{closure}(Object(Illuminate\\Http\\Request))
#12 C:\\Herd\\wakeupict\\vendor\\laravel\\framework\\src\\Illuminate\\Pipeline\\Pipeline.php(163): Illuminate\\Routing\\Middleware\\SubstituteBindings->handle(Object(Illuminate\\Http\\Request), Object(Closure))
#13 C:\\Herd\\wakeupict\\vendor\\laravel\\framework\\src\\Illuminate\\Routing\\Pipeline.php(53): Illuminate\\Pipeline\\Pipeline->Illuminate\\Pipeline\\{closure}(Object(Illuminate\\Http\\Request))
#14 C:\\Herd\\wakeupict\\vendor\\laravel\\framework\\src\\Illuminate\\Foundation\\Http\\Middleware\\VerifyCsrfToken.php(75): Illuminate\\Routing\\Pipeline->Illuminate\\Routing\\{closure}(Object(Illuminate\\Http\\Request))
#15 C:\\Herd\\wakeupict\\vendor\\laravel\\framework\\src\\Illuminate\\Pipeline\\Pipeline.php(163): Illuminate\\Foundation\\Http\\Middleware\\VerifyCsrfToken->handle(Object(Illuminate\\Http\\Request), Object(Closure))
#16 C:\\Herd\\wakeupict\\vendor\\laravel\\framework\\src\\Illuminate\\Routing\\Pipeline.php(53): Illuminate\\Pipeline\\Pipeline->Illuminate\\Pipeline\\{closure}(Object(Illuminate\\Http\\Request))
#17 C:\\Herd\\wakeupict\\vendor\\laravel\\framework\\src\\Illuminate\\View\\Middleware\\ShareErrorsFromSession.php(49): Illuminate\\Routing\\Pipeline->Illuminate\\Routing\\{closure}(Object(Illuminate\\Http\\Request))
#18 C:\\Herd\\wakeupict\\vendor\\laravel\\framework\\src\\Illuminate\\Pipeline\\Pipeline.php(163): Illuminate\\View\\Middleware\\ShareErrorsFromSession->handle(Object(Illuminate\\Http\\Request), Object(Closure))
#19 C:\\Herd\\wakeupict\\vendor\\laravel\\framework\\src\\Illuminate\\Routing\\Pipeline.php(53): Illuminate\\Pipeline\\Pipeline->Illuminate\\Pipeline\\{closure}(Object(Illuminate\\Http\\Request))
#20 C:\\Herd\\wakeupict\\vendor\\laravel\\framework\\src\\Illuminate\\Session\\Middleware\\StartSession.php(56): Illuminate\\Routing\\Pipeline->Illuminate\\Routing\\{closure}(Object(Illuminate\\Http\\Request))
#21 C:\\Herd\\wakeupict\\vendor\\laravel\\framework\\src\\Illuminate\\Pipeline\\Pipeline.php(163): Illuminate\\Session\\Middleware\\StartSession->handle(Object(Illuminate\\Http\\Request), Object(Closure))
#22 C:\\Herd\\wakeupict\\vendor\\laravel\\framework\\src\\Illuminate\\Routing\\Pipeline.php(53): Illuminate\\Pipeline\\Pipeline->Illuminate\\Pipeline\\{closure}(Object(Illuminate\\Http\\Request))
#23 C:\\Herd\\wakeupict\\vendor\\laravel\\framework\\src\\Illuminate\\Cookie\\Middleware\\AddQueuedCookiesToResponse.php(37): Illuminate\\Routing\\Pipeline->Illuminate\\Routing\\{closure}(Object(Illuminate\\Http\\Request))
#24 C:\\Herd\\wakeupict\\vendor\\laravel\\framework\\src\\Illuminate\\Pipeline\\Pipeline.php(163): Illuminate\\Cookie\\Middleware\\AddQueuedCookiesToResponse->handle(Object(Illuminate\\Http\\Request), Object(Closure))
#25 C:\\Herd\\wakeupict\\vendor\\laravel\\framework\\src\\Illuminate\\Routing\\Pipeline.php(53): Illuminate\\Pipeline\\Pipeline->Illuminate\\Pipeline\\{closure}(Object(Illuminate\\Http\\Request))
#26 C:\\Herd\\wakeupict\\vendor\\laravel\\framework\\src\\Illuminate\\Cookie\\Middleware\\EncryptCookies.php(66): Illuminate\\Routing\\Pipeline->Illuminate\\Routing\\{closure}(Object(Illuminate\\Http\\Request))
#27 C:\\Herd\\wakeupict\\vendor\\laravel\\framework\\src\\Illuminate\\Pipeline\\Pipeline.php(163): Illuminate\\Cookie\\Middleware\\EncryptCookies->handle(Object(Illuminate\\Http\\Request), Object(Closure))
#28 C:\\Herd\\wakeupict\\vendor\\laravel\\framework\\src\\Illuminate\\Routing\\Pipeline.php(53): Illuminate\\Pipeline\\Pipeline->Illuminate\\Pipeline\\{closure}(Object(Illuminate\\Http\\Request))
#29 C:\\Herd\\wakeupict\\vendor\\laravel\\framework\\src\\Illuminate\\Pipeline\\Pipeline.php(104): Illuminate\\Routing\\Pipeline->Illuminate\\Routing\\{closure}(Object(Illuminate\\Http\\Request))
#30 C:\\Herd\\wakeupict\\vendor\\laravel\\framework\\src\\Illuminate\\Routing\\Router.php(682): Illuminate\\Pipeline\\Pipeline->then(Object(Closure))
#31 C:\\Herd\\wakeupict\\vendor\\laravel\\framework\\src\\Illuminate\\Routing\\Router.php(657): Illuminate\\Routing\\Router->runRouteWithinStack(Object(Illuminate\\Routing\\Route), Object(Illuminate\\Http\\Request))
#32 C:\\Herd\\wakeupict\\vendor\\laravel\\framework\\src\\Illuminate\\Routing\\Router.php(623): Illuminate\\Routing\\Router->runRoute(Object(Illuminate\\Http\\Request), Object(Illuminate\\Routing\\Route))
#33 C:\\Herd\\wakeupict\\vendor\\laravel\\framework\\src\\Illuminate\\Routing\\Router.php(612): Illuminate\\Routing\\Router->dispatchToRoute(Object(Illuminate\\Http\\Request))
#34 C:\\Herd\\wakeupict\\vendor\\laravel\\framework\\src\\Illuminate\\Foundation\\Http\\Kernel.php(176): Illuminate\\Routing\\Router->dispatch(Object(Illuminate\\Http\\Request))
#35 C:\\Herd\\wakeupict\\vendor\\laravel\\framework\\src\\Illuminate\\Routing\\Pipeline.php(30): Illuminate\\Foundation\\Http\\Kernel->Illuminate\\Foundation\\Http\\{closure}(Object(Illuminate\\Http\\Request))
#36 C:\\Herd\\wakeupict\\vendor\\laravel\\framework\\src\\Illuminate\\Foundation\\Http\\Middleware\\TransformsRequest.php(21): Illuminate\\Routing\\Pipeline->Illuminate\\Routing\\{closure}(Object(Illuminate\\Http\\Request))
#37 C:\\Herd\\wakeupict\\vendor\\laravel\\framework\\src\\Illuminate\\Pipeline\\Pipeline.php(163): Illuminate\\Foundation\\Http\\Middleware\\TransformsRequest->handle(Object(Illuminate\\Http\\Request), Object(Closure))
#38 C:\\Herd\\wakeupict\\vendor\\laravel\\framework\\src\\Illuminate\\Routing\\Pipeline.php(53): Illuminate\\Pipeline\\Pipeline->Illuminate\\Pipeline\\{closure}(Object(Illuminate\\Http\\Request))
#39 C:\\Herd\\wakeupict\\vendor\\laravel\\framework\\src\\Illuminate\\Foundation\\Http\\Middleware\\TransformsRequest.php(21): Illuminate\\Routing\\Pipeline->Illuminate\\Routing\\{closure}(Object(Illuminate\\Http\\Request))
#40 C:\\Herd\\wakeupict\\vendor\\laravel\\framework\\src\\Illuminate\\Pipeline\\Pipeline.php(163): Illuminate\\Foundation\\Http\\Middleware\\TransformsRequest->handle(Object(Illuminate\\Http\\Request), Object(Closure))
#41 C:\\Herd\\wakeupict\\vendor\\laravel\\framework\\src\\Illuminate\\Routing\\Pipeline.php(53): Illuminate\\Pipeline\\Pipeline->Illuminate\\Pipeline\\{closure}(Object(Illuminate\\Http\\Request))
#42 C:\\Herd\\wakeupict\\vendor\\laravel\\framework\\src\\Illuminate\\Foundation\\Http\\Middleware\\ValidatePostSize.php(27): Illuminate\\Routing\\Pipeline->Illuminate\\Routing\\{closure}(Object(Illuminate\\Http\\Request))
#43 C:\\Herd\\wakeupict\\vendor\\laravel\\framework\\src\\Illuminate\\Pipeline\\Pipeline.php(163): Illuminate\\Foundation\\Http\\Middleware\\ValidatePostSize->handle(Object(Illuminate\\Http\\Request), Object(Closure))
#44 C:\\Herd\\wakeupict\\vendor\\laravel\\framework\\src\\Illuminate\\Routing\\Pipeline.php(53): Illuminate\\Pipeline\\Pipeline->Illuminate\\Pipeline\\{closure}(Object(Illuminate\\Http\\Request))
#45 C:\\Herd\\wakeupict\\vendor\\laravel\\framework\\src\\Illuminate\\Foundation\\Http\\Middleware\\CheckForMaintenanceMode.php(62): Illuminate\\Routing\\Pipeline->Illuminate\\Routing\\{closure}(Object(Illuminate\\Http\\Request))
#46 C:\\Herd\\wakeupict\\vendor\\laravel\\framework\\src\\Illuminate\\Pipeline\\Pipeline.php(163): Illuminate\\Foundation\\Http\\Middleware\\CheckForMaintenanceMode->handle(Object(Illuminate\\Http\\Request), Object(Closure))
#47 C:\\Herd\\wakeupict\\vendor\\laravel\\framework\\src\\Illuminate\\Routing\\Pipeline.php(53): Illuminate\\Pipeline\\Pipeline->Illuminate\\Pipeline\\{closure}(Object(Illuminate\\Http\\Request))
#48 C:\\Herd\\wakeupict\\vendor\\fideloper\\proxy\\src\\TrustProxies.php(57): Illuminate\\Routing\\Pipeline->Illuminate\\Routing\\{closure}(Object(Illuminate\\Http\\Request))
#49 C:\\Herd\\wakeupict\\vendor\\laravel\\framework\\src\\Illuminate\\Pipeline\\Pipeline.php(163): Fideloper\\Proxy\\TrustProxies->handle(Object(Illuminate\\Http\\Request), Object(Closure))
#50 C:\\Herd\\wakeupict\\vendor\\laravel\\framework\\src\\Illuminate\\Routing\\Pipeline.php(53): Illuminate\\Pipeline\\Pipeline->Illuminate\\Pipeline\\{closure}(Object(Illuminate\\Http\\Request))
#51 C:\\Herd\\wakeupict\\vendor\\laravel\\framework\\src\\Illuminate\\Pipeline\\Pipeline.php(104): Illuminate\\Routing\\Pipeline->Illuminate\\Routing\\{closure}(Object(Illuminate\\Http\\Request))
#52 C:\\Herd\\wakeupict\\vendor\\laravel\\framework\\src\\Illuminate\\Foundation\\Http\\Kernel.php(151): Illuminate\\Pipeline\\Pipeline->then(Object(Closure))
#53 C:\\Herd\\wakeupict\\vendor\\laravel\\framework\\src\\Illuminate\\Foundation\\Http\\Kernel.php(116): Illuminate\\Foundation\\Http\\Kernel->sendRequestThroughRouter(Object(Illuminate\\Http\\Request))
#54 C:\\Users\\Wake Up ICT\\.gemini\\antigravity-ide\\brain\\3057f3ef-2b6a-4759-943b-a267c8e3a4ca\\scratch\\test_all_frontend_pages.php(21): Illuminate\\Foundation\\Http\\Kernel->handle(Object(Illuminate\\Http\\Request))
#55 {main}
"} 
[2026-09-22 11:18:35] local.ERROR: Undefined index: REMOTE_ADDR {"exception":"[object] (ErrorException(code: 0): Undefined index: REMOTE_ADDR at C:\\Herd\\wakeupict\\app\\Http\\Controllers\\frontend\\theme\\clasic\\HomeController.php:28)
[stacktrace]
#0 C:\\Herd\\wakeupict\\app\\Http\\Controllers\\frontend\\theme\\clasic\\HomeController.php(28): Illuminate\\Foundation\\Bootstrap\\HandleExceptions->handleError(8, 'Undefined index...', 'C:\\\\Herd\\\\wakeupi...', 28, Array)
#1 [internal function]: App\\Http\\Controllers\\frontend\\theme\\clasic\\HomeController->index()
#2 C:\\Herd\\wakeupict\\vendor\\laravel\\framework\\src\\Illuminate\\Routing\\Controller.php(54): call_user_func_array(Array, Array)
#3 C:\\Herd\\wakeupict\\vendor\\laravel\\framework\\src\\Illuminate\\Routing\\ControllerDispatcher.php(45): Illuminate\\Routing\\Controller->callAction('index', Array)
#4 C:\\Herd\\wakeupict\\vendor\\laravel\\framework\\src\\Illuminate\\Routing\\Route.php(219): Illuminate\\Routing\\ControllerDispatcher->dispatch(Object(Illuminate\\Routing\\Route), Object(App\\Http\\Controllers\\frontend\\theme\\clasic\\HomeController), 'index')
#5 C:\\Herd\\wakeupict\\vendor\\laravel\\framework\\src\\Illuminate\\Routing\\Route.php(176): Illuminate\\Routing\\Route->runController()
#6 C:\\Herd\\wakeupict\\vendor\\laravel\\framework\\src\\Illuminate\\Routing\\Router.php(680): Illuminate\\Routing\\Route->run()
#7 C:\\Herd\\wakeupict\\vendor\\laravel\\framework\\src\\Illuminate\\Routing\\Pipeline.php(30): Illuminate\\Routing\\Router->Illuminate\\Routing\\{closure}(Object(Illuminate\\Http\\Request))
#8 C:\\Herd\\wakeupict\\app\\Http\\Middleware\\SetLocale.php(47): Illuminate\\Routing\\Pipeline->Illuminate\\Routing\\{closure}(Object(Illuminate\\Http\\Request))
#9 C:\\Herd\\wakeupict\\vendor\\laravel\\framework\\src\\Illuminate\\Pipeline\\Pipeline.php(163): App\\Http\\Middleware\\SetLocale->handle(Object(Illuminate\\Http\\Request), Object(Closure))
#10 C:\\Herd\\wakeupict\\vendor\\laravel\\framework\\src\\Illuminate\\Routing\\Pipeline.php(53): Illuminate\\Pipeline\\Pipeline->Illuminate\\Pipeline\\{closure}(Object(Illuminate\\Http\\Request))
#11 C:\\Herd\\wakeupict\\vendor\\laravel\\framework\\src\\Illuminate\\Routing\\Middleware\\SubstituteBindings.php(41): Illuminate\\Routing\\Pipeline->Illuminate\\Routing\\{closure}(Object(Illuminate\\Http\\Request))
#12 C:\\Herd\\wakeupict\\vendor\\laravel\\framework\\src\\Illuminate\\Pipeline\\Pipeline.php(163): Illuminate\\Routing\\Middleware\\SubstituteBindings->handle(Object(Illuminate\\Http\\Request), Object(Closure))
#13 C:\\Herd\\wakeupict\\vendor\\laravel\\framework\\src\\Illuminate\\Routing\\Pipeline.php(53): Illuminate\\Pipeline\\Pipeline->Illuminate\\Pipeline\\{closure}(Object(Illuminate\\Http\\Request))
#14 C:\\Herd\\wakeupict\\vendor\\laravel\\framework\\src\\Illuminate\\Foundation\\Http\\Middleware\\VerifyCsrfToken.php(75): Illuminate\\Routing\\Pipeline->Illuminate\\Routing\\{closure}(Object(Illuminate\\Http\\Request))
#15 C:\\Herd\\wakeupict\\vendor\\laravel\\framework\\src\\Illuminate\\Pipeline\\Pipeline.php(163): Illuminate\\Foundation\\Http\\Middleware\\VerifyCsrfToken->handle(Object(Illuminate\\Http\\Request), Object(Closure))
#16 C:\\Herd\\wakeupict\\vendor\\laravel\\framework\\src\\Illuminate\\Routing\\Pipeline.php(53): Illuminate\\Pipeline\\Pipeline->Illuminate\\Pipeline\\{closure}(Object(Illuminate\\Http\\Request))
#17 C:\\Herd\\wakeupict\\vendor\\laravel\\framework\\src\\Illuminate\\View\\Middleware\\ShareErrorsFromSession.php(49): Illuminate\\Routing\\Pipeline->Illuminate\\Routing\\{closure}(Object(Illuminate\\Http\\Request))
#18 C:\\Herd\\wakeupict\\vendor\\laravel\\framework\\src\\Illuminate\\Pipeline\\Pipeline.php(163): Illuminate\\View\\Middleware\\ShareErrorsFromSession->handle(Object(Illuminate\\Http\\Request), Object(Closure))
#19 C:\\Herd\\wakeupict\\vendor\\laravel\\framework\\src\\Illuminate\\Routing\\Pipeline.php(53): Illuminate\\Pipeline\\Pipeline->Illuminate\\Pipeline\\{closure}(Object(Illuminate\\Http\\Request))
#20 C:\\Herd\\wakeupict\\vendor\\laravel\\framework\\src\\Illuminate\\Session\\Middleware\\StartSession.php(56): Illuminate\\Routing\\Pipeline->Illuminate\\Routing\\{closure}(Object(Illuminate\\Http\\Request))
#21 C:\\Herd\\wakeupict\\vendor\\laravel\\framework\\src\\Illuminate\\Pipeline\\Pipeline.php(163): Illuminate\\Session\\Middleware\\StartSession->handle(Object(Illuminate\\Http\\Request), Object(Closure))
#22 C:\\Herd\\wakeupict\\vendor\\laravel\\framework\\src\\Illuminate\\Routing\\Pipeline.php(53): Illuminate\\Pipeline\\Pipeline->Illuminate\\Pipeline\\{closure}(Object(Illuminate\\Http\\Request))
#23 C:\\Herd\\wakeupict\\vendor\\laravel\\framework\\src\\Illuminate\\Cookie\\Middleware\\AddQueuedCookiesToResponse.php(37): Illuminate\\Routing\\Pipeline->Illuminate\\Routing\\{closure}(Object(Illuminate\\Http\\Request))
#24 C:\\Herd\\wakeupict\\vendor\\laravel\\framework\\src\\Illuminate\\Pipeline\\Pipeline.php(163): Illuminate\\Cookie\\Middleware\\AddQueuedCookiesToResponse->handle(Object(Illuminate\\Http\\Request), Object(Closure))
#25 C:\\Herd\\wakeupict\\vendor\\laravel\\framework\\src\\Illuminate\\Routing\\Pipeline.php(53): Illuminate\\Pipeline\\Pipeline->Illuminate\\Pipeline\\{closure}(Object(Illuminate\\Http\\Request))
#26 C:\\Herd\\wakeupict\\vendor\\laravel\\framework\\src\\Illuminate\\Cookie\\Middleware\\EncryptCookies.php(66): Illuminate\\Routing\\Pipeline->Illuminate\\Routing\\{closure}(Object(Illuminate\\Http\\Request))
#27 C:\\Herd\\wakeupict\\vendor\\laravel\\framework\\src\\Illuminate\\Pipeline\\Pipeline.php(163): Illuminate\\Cookie\\Middleware\\EncryptCookies->handle(Object(Illuminate\\Http\\Request), Object(Closure))
#28 C:\\Herd\\wakeupict\\vendor\\laravel\\framework\\src\\Illuminate\\Routing\\Pipeline.php(53): Illuminate\\Pipeline\\Pipeline->Illuminate\\Pipeline\\{closure}(Object(Illuminate\\Http\\Request))
#29 C:\\Herd\\wakeupict\\vendor\\laravel\\framework\\src\\Illuminate\\Pipeline\\Pipeline.php(104): Illuminate\\Routing\\Pipeline->Illuminate\\Routing\\{closure}(Object(Illuminate\\Http\\Request))
#30 C:\\Herd\\wakeupict\\vendor\\laravel\\framework\\src\\Illuminate\\Routing\\Router.php(682): Illuminate\\Pipeline\\Pipeline->then(Object(Closure))
#31 C:\\Herd\\wakeupict\\vendor\\laravel\\framework\\src\\Illuminate\\Routing\\Router.php(657): Illuminate\\Routing\\Router->runRouteWithinStack(Object(Illuminate\\Routing\\Route), Object(Illuminate\\Http\\Request))
#32 C:\\Herd\\wakeupict\\vendor\\laravel\\framework\\src\\Illuminate\\Routing\\Router.php(623): Illuminate\\Routing\\Router->runRoute(Object(Illuminate\\Http\\Request), Object(Illuminate\\Routing\\Route))
#33 C:\\Herd\\wakeupict\\vendor\\laravel\\framework\\src\\Illuminate\\Routing\\Router.php(612): Illuminate\\Routing\\Router->dispatchToRoute(Object(Illuminate\\Http\\Request))
#34 C:\\Herd\\wakeupict\\vendor\\laravel\\framework\\src\\Illuminate\\Foundation\\Http\\Kernel.php(176): Illuminate\\Routing\\Router->dispatch(Object(Illuminate\\Http\\Request))
#35 C:\\Herd\\wakeupict\\vendor\\laravel\\framework\\src\\Illuminate\\Routing\\Pipeline.php(30): Illuminate\\Foundation\\Http\\Kernel->Illuminate\\Foundation\\Http\\{closure}(Object(Illuminate\\Http\\Request))
#36 C:\\Herd\\wakeupict\\vendor\\laravel\\framework\\src\\Illuminate\\Foundation\\Http\\Middleware\\TransformsRequest.php(21): Illuminate\\Routing\\Pipeline->Illuminate\\Routing\\{closure}(Object(Illuminate\\Http\\Request))
#37 C:\\Herd\\wakeupict\\vendor\\laravel\\framework\\src\\Illuminate\\Pipeline\\Pipeline.php(163): Illuminate\\Foundation\\Http\\Middleware\\TransformsRequest->handle(Object(Illuminate\\Http\\Request), Object(Closure))
#38 C:\\Herd\\wakeupict\\vendor\\laravel\\framework\\src\\Illuminate\\Routing\\Pipeline.php(53): Illuminate\\Pipeline\\Pipeline->Illuminate\\Pipeline\\{closure}(Object(Illuminate\\Http\\Request))
#39 C:\\Herd\\wakeupict\\vendor\\laravel\\framework\\src\\Illuminate\\Foundation\\Http\\Middleware\\TransformsRequest.php(21): Illuminate\\Routing\\Pipeline->Illuminate\\Routing\\{closure}(Object(Illuminate\\Http\\Request))
#40 C:\\Herd\\wakeupict\\vendor\\laravel\\framework\\src\\Illuminate\\Pipeline\\Pipeline.php(163): Illuminate\\Foundation\\Http\\Middleware\\TransformsRequest->handle(Object(Illuminate\\Http\\Request), Object(Closure))
#41 C:\\Herd\\wakeupict\\vendor\\laravel\\framework\\src\\Illuminate\\Routing\\Pipeline.php(53): Illuminate\\Pipeline\\Pipeline->Illuminate\\Pipeline\\{closure}(Object(Illuminate\\Http\\Request))
#42 C:\\Herd\\wakeupict\\vendor\\laravel\\framework\\src\\Illuminate\\Foundation\\Http\\Middleware\\ValidatePostSize.php(27): Illuminate\\Routing\\Pipeline->Illuminate\\Routing\\{closure}(Object(Illuminate\\Http\\Request))
#43 C:\\Herd\\wakeupict\\vendor\\laravel\\framework\\src\\Illuminate\\Pipeline\\Pipeline.php(163): Illuminate\\Foundation\\Http\\Middleware\\ValidatePostSize->handle(Object(Illuminate\\Http\\Request), Object(Closure))
#44 C:\\Herd\\wakeupict\\vendor\\laravel\\framework\\src\\Illuminate\\Routing\\Pipeline.php(53): Illuminate\\Pipeline\\Pipeline->Illuminate\\Pipeline\\{closure}(Object(Illuminate\\Http\\Request))
#45 C:\\Herd\\wakeupict\\vendor\\laravel\\framework\\src\\Illuminate\\Foundation\\Http\\Middleware\\CheckForMaintenanceMode.php(62): Illuminate\\Routing\\Pipeline->Illuminate\\Routing\\{closure}(Object(Illuminate\\Http\\Request))
#46 C:\\Herd\\wakeupict\\vendor\\laravel\\framework\\src\\Illuminate\\Pipeline\\Pipeline.php(163): Illuminate\\Foundation\\Http\\Middleware\\CheckForMaintenanceMode->handle(Object(Illuminate\\Http\\Request), Object(Closure))
#47 C:\\Herd\\wakeupict\\vendor\\laravel\\framework\\src\\Illuminate\\Routing\\Pipeline.php(53): Illuminate\\Pipeline\\Pipeline->Illuminate\\Pipeline\\{closure}(Object(Illuminate\\Http\\Request))
#48 C:\\Herd\\wakeupict\\vendor\\fideloper\\proxy\\src\\TrustProxies.php(57): Illuminate\\Routing\\Pipeline->Illuminate\\Routing\\{closure}(Object(Illuminate\\Http\\Request))
#49 C:\\Herd\\wakeupict\\vendor\\laravel\\framework\\src\\Illuminate\\Pipeline\\Pipeline.php(163): Fideloper\\Proxy\\TrustProxies->handle(Object(Illuminate\\Http\\Request), Object(Closure))
#50 C:\\Herd\\wakeupict\\vendor\\laravel\\framework\\src\\Illuminate\\Routing\\Pipeline.php(53): Illuminate\\Pipeline\\Pipeline->Illuminate\\Pipeline\\{closure}(Object(Illuminate\\Http\\Request))
#51 C:\\Herd\\wakeupict\\vendor\\laravel\\framework\\src\\Illuminate\\Pipeline\\Pipeline.php(104): Illuminate\\Routing\\Pipeline->Illuminate\\Routing\\{closure}(Object(Illuminate\\Http\\Request))
#52 C:\\Herd\\wakeupict\\vendor\\laravel\\framework\\src\\Illuminate\\Foundation\\Http\\Kernel.php(151): Illuminate\\Pipeline\\Pipeline->then(Object(Closure))
#53 C:\\Herd\\wakeupict\\vendor\\laravel\\framework\\src\\Illuminate\\Foundation\\Http\\Kernel.php(116): Illuminate\\Foundation\\Http\\Kernel->sendRequestThroughRouter(Object(Illuminate\\Http\\Request))
#54 C:\\Users\\Wake Up ICT\\.gemini\\antigravity-ide\\brain\\3057f3ef-2b6a-4759-943b-a267c8e3a4ca\\scratch\\debug_home.php(7): Illuminate\\Foundation\\Http\\Kernel->handle(Object(Illuminate\\Http\\Request))
#55 {main}
"} 
[2026-09-22 11:18:56] local.ERROR: The "--execute" option does not exist. {"exception":"[object] (Symfony\\Component\\Console\\Exception\\RuntimeException(code: 0): The \"--execute\" option does not exist. at C:\\Herd\\wakeupict\\vendor\\symfony\\console\\Input\\ArgvInput.php:201)
[stacktrace]
#0 C:\\Herd\\wakeupict\\vendor\\symfony\\console\\Input\\ArgvInput.php(143): Symfony\\Component\\Console\\Input\\ArgvInput->addLongOption('execute', 'echo App\\\\model\\\\...')
#1 C:\\Herd\\wakeupict\\vendor\\symfony\\console\\Input\\ArgvInput.php(79): Symfony\\Component\\Console\\Input\\ArgvInput->parseLongOption('--execute=echo ...')
#2 C:\\Herd\\wakeupict\\vendor\\symfony\\console\\Input\\Input.php(55): Symfony\\Component\\Console\\Input\\ArgvInput->parse()
#3 C:\\Herd\\wakeupict\\vendor\\symfony\\console\\Command\\Command.php(214): Symfony\\Component\\Console\\Input\\Input->bind(Object(Symfony\\Component\\Console\\Input\\InputDefinition))
#4 C:\\Herd\\wakeupict\\vendor\\laravel\\framework\\src\\Illuminate\\Console\\Command.php(170): Symfony\\Component\\Console\\Command\\Command->run(Object(Symfony\\Component\\Console\\Input\\ArgvInput), Object(Illuminate\\Console\\OutputStyle))
#5 C:\\Herd\\wakeupict\\vendor\\symfony\\console\\Application.php(1009): Illuminate\\Console\\Command->run(Object(Symfony\\Component\\Console\\Input\\ArgvInput), Object(Symfony\\Component\\Console\\Output\\ConsoleOutput))
#6 C:\\Herd\\wakeupict\\vendor\\symfony\\console\\Application.php(273): Symfony\\Component\\Console\\Application->doRunCommand(Object(Laravel\\Tinker\\Console\\TinkerCommand), Object(Symfony\\Component\\Console\\Input\\ArgvInput), Object(Symfony\\Component\\Console\\Output\\ConsoleOutput))
#7 C:\\Herd\\wakeupict\\vendor\\symfony\\console\\Application.php(149): Symfony\\Component\\Console\\Application->doRun(Object(Symfony\\Component\\Console\\Input\\ArgvInput), Object(Symfony\\Component\\Console\\Output\\ConsoleOutput))
#8 C:\\Herd\\wakeupict\\vendor\\laravel\\framework\\src\\Illuminate\\Console\\Application.php(90): Symfony\\Component\\Console\\Application->run(Object(Symfony\\Component\\Console\\Input\\ArgvInput), Object(Symfony\\Component\\Console\\Output\\ConsoleOutput))
#9 C:\\Herd\\wakeupict\\vendor\\laravel\\framework\\src\\Illuminate\\Foundation\\Console\\Kernel.php(133): Illuminate\\Console\\Application->run(Object(Symfony\\Component\\Console\\Input\\ArgvInput), Object(Symfony\\Component\\Console\\Output\\ConsoleOutput))
#10 C:\\Herd\\wakeupict\\artisan(37): Illuminate\\Foundation\\Console\\Kernel->handle(Object(Symfony\\Component\\Console\\Input\\ArgvInput), Object(Symfony\\Component\\Console\\Output\\ConsoleOutput))
#11 {main}
"} 
[2026-09-22 11:19:02] local.ERROR: SQLSTATE[42S22]: Column not found: 1054 Unknown column 'blog_status' in 'where clause' (SQL: select * from `blogs` where `blog_status` = 1 limit 1) {"exception":"[object] (Illuminate\\Database\\QueryException(code: 42S22): SQLSTATE[42S22]: Column not found: 1054 Unknown column 'blog_status' in 'where clause' (SQL: select * from `blogs` where `blog_status` = 1 limit 1) at C:\\Herd\\wakeupict\\vendor\\laravel\\framework\\src\\Illuminate\\Database\\Connection.php:664, PDOException(code: 42S22): SQLSTATE[42S22]: Column not found: 1054 Unknown column 'blog_status' in 'where clause' at C:\\Herd\\wakeupict\\vendor\\laravel\\framework\\src\\Illuminate\\Database\\Connection.php:326)
[stacktrace]
#0 C:\\Herd\\wakeupict\\vendor\\laravel\\framework\\src\\Illuminate\\Database\\Connection.php(624): Illuminate\\Database\\Connection->runQueryCallback('select * from `...', Array, Object(Closure))
#1 C:\\Herd\\wakeupict\\vendor\\laravel\\framework\\src\\Illuminate\\Database\\Connection.php(333): Illuminate\\Database\\Connection->run('select * from `...', Array, Object(Closure))
#2 C:\\Herd\\wakeupict\\vendor\\laravel\\framework\\src\\Illuminate\\Database\\Query\\Builder.php(2130): Illuminate\\Database\\Connection->select('select * from `...', Array, true)
#3 C:\\Herd\\wakeupict\\vendor\\laravel\\framework\\src\\Illuminate\\Database\\Query\\Builder.php(2118): Illuminate\\Database\\Query\\Builder->runSelect()
#4 C:\\Herd\\wakeupict\\vendor\\laravel\\framework\\src\\Illuminate\\Database\\Query\\Builder.php(2604): Illuminate\\Database\\Query\\Builder->Illuminate\\Database\\Query\\{closure}()
#5 C:\\Herd\\wakeupict\\vendor\\laravel\\framework\\src\\Illuminate\\Database\\Query\\Builder.php(2119): Illuminate\\Database\\Query\\Builder->onceWithColumns(Array, Object(Closure))
#6 C:\\Herd\\wakeupict\\vendor\\laravel\\framework\\src\\Illuminate\\Database\\Eloquent\\Builder.php(521): Illuminate\\Database\\Query\\Builder->get(Array)
#7 C:\\Herd\\wakeupict\\vendor\\laravel\\framework\\src\\Illuminate\\Database\\Eloquent\\Builder.php(505): Illuminate\\Database\\Eloquent\\Builder->getModels(Array)
#8 C:\\Herd\\wakeupict\\vendor\\laravel\\framework\\src\\Illuminate\\Database\\Concerns\\BuildsQueries.php(77): Illuminate\\Database\\Eloquent\\Builder->get(Array)
#9 C:\\Users\\Wake Up ICT\\.gemini\\antigravity-ide\\brain\\3057f3ef-2b6a-4759-943b-a267c8e3a4ca\\scratch\\test_all_frontend_pages.php(18): Illuminate\\Database\\Eloquent\\Builder->first()
#10 {main}
"} 
[2026-09-22 17:19:08] local.ERROR: Trying to get property 'id' of non-object {"exception":"[object] (ErrorException(code: 0): Trying to get property 'id' of non-object at C:\\Herd\\wakeupict\\app\\Http\\Controllers\\frontend\\theme\\clasic\\AcademicTrainingController.php:29)
[stacktrace]
#0 C:\\Herd\\wakeupict\\app\\Http\\Controllers\\frontend\\theme\\clasic\\AcademicTrainingController.php(29): Illuminate\\Foundation\\Bootstrap\\HandleExceptions->handleError(8, 'Trying to get p...', 'C:\\\\Herd\\\\wakeupi...', 29, Array)
#1 [internal function]: App\\Http\\Controllers\\frontend\\theme\\clasic\\AcademicTrainingController->courseDetails('1')
#2 C:\\Herd\\wakeupict\\vendor\\laravel\\framework\\src\\Illuminate\\Routing\\Controller.php(54): call_user_func_array(Array, Array)
#3 C:\\Herd\\wakeupict\\vendor\\laravel\\framework\\src\\Illuminate\\Routing\\ControllerDispatcher.php(45): Illuminate\\Routing\\Controller->callAction('courseDetails', Array)
#4 C:\\Herd\\wakeupict\\vendor\\laravel\\framework\\src\\Illuminate\\Routing\\Route.php(219): Illuminate\\Routing\\ControllerDispatcher->dispatch(Object(Illuminate\\Routing\\Route), Object(App\\Http\\Controllers\\frontend\\theme\\clasic\\AcademicTrainingController), 'courseDetails')
#5 C:\\Herd\\wakeupict\\vendor\\laravel\\framework\\src\\Illuminate\\Routing\\Route.php(176): Illuminate\\Routing\\Route->runController()
#6 C:\\Herd\\wakeupict\\vendor\\laravel\\framework\\src\\Illuminate\\Routing\\Router.php(680): Illuminate\\Routing\\Route->run()
#7 C:\\Herd\\wakeupict\\vendor\\laravel\\framework\\src\\Illuminate\\Routing\\Pipeline.php(30): Illuminate\\Routing\\Router->Illuminate\\Routing\\{closure}(Object(Illuminate\\Http\\Request))
#8 C:\\Herd\\wakeupict\\app\\Http\\Middleware\\SetLocale.php(47): Illuminate\\Routing\\Pipeline->Illuminate\\Routing\\{closure}(Object(Illuminate\\Http\\Request))
#9 C:\\Herd\\wakeupict\\vendor\\laravel\\framework\\src\\Illuminate\\Pipeline\\Pipeline.php(163): App\\Http\\Middleware\\SetLocale->handle(Object(Illuminate\\Http\\Request), Object(Closure))
#10 C:\\Herd\\wakeupict\\vendor\\laravel\\framework\\src\\Illuminate\\Routing\\Pipeline.php(53): Illuminate\\Pipeline\\Pipeline->Illuminate\\Pipeline\\{closure}(Object(Illuminate\\Http\\Request))
#11 C:\\Herd\\wakeupict\\vendor\\laravel\\framework\\src\\Illuminate\\Routing\\Middleware\\SubstituteBindings.php(41): Illuminate\\Routing\\Pipeline->Illuminate\\Routing\\{closure}(Object(Illuminate\\Http\\Request))
#12 C:\\Herd\\wakeupict\\vendor\\laravel\\framework\\src\\Illuminate\\Pipeline\\Pipeline.php(163): Illuminate\\Routing\\Middleware\\SubstituteBindings->handle(Object(Illuminate\\Http\\Request), Object(Closure))
#13 C:\\Herd\\wakeupict\\vendor\\laravel\\framework\\src\\Illuminate\\Routing\\Pipeline.php(53): Illuminate\\Pipeline\\Pipeline->Illuminate\\Pipeline\\{closure}(Object(Illuminate\\Http\\Request))
#14 C:\\Herd\\wakeupict\\vendor\\laravel\\framework\\src\\Illuminate\\Foundation\\Http\\Middleware\\VerifyCsrfToken.php(75): Illuminate\\Routing\\Pipeline->Illuminate\\Routing\\{closure}(Object(Illuminate\\Http\\Request))
#15 C:\\Herd\\wakeupict\\vendor\\laravel\\framework\\src\\Illuminate\\Pipeline\\Pipeline.php(163): Illuminate\\Foundation\\Http\\Middleware\\VerifyCsrfToken->handle(Object(Illuminate\\Http\\Request), Object(Closure))
#16 C:\\Herd\\wakeupict\\vendor\\laravel\\framework\\src\\Illuminate\\Routing\\Pipeline.php(53): Illuminate\\Pipeline\\Pipeline->Illuminate\\Pipeline\\{closure}(Object(Illuminate\\Http\\Request))
#17 C:\\Herd\\wakeupict\\vendor\\laravel\\framework\\src\\Illuminate\\View\\Middleware\\ShareErrorsFromSession.php(49): Illuminate\\Routing\\Pipeline->Illuminate\\Routing\\{closure}(Object(Illuminate\\Http\\Request))
#18 C:\\Herd\\wakeupict\\vendor\\laravel\\framework\\src\\Illuminate\\Pipeline\\Pipeline.php(163): Illuminate\\View\\Middleware\\ShareErrorsFromSession->handle(Object(Illuminate\\Http\\Request), Object(Closure))
#19 C:\\Herd\\wakeupict\\vendor\\laravel\\framework\\src\\Illuminate\\Routing\\Pipeline.php(53): Illuminate\\Pipeline\\Pipeline->Illuminate\\Pipeline\\{closure}(Object(Illuminate\\Http\\Request))
#20 C:\\Herd\\wakeupict\\vendor\\laravel\\framework\\src\\Illuminate\\Session\\Middleware\\StartSession.php(56): Illuminate\\Routing\\Pipeline->Illuminate\\Routing\\{closure}(Object(Illuminate\\Http\\Request))
#21 C:\\Herd\\wakeupict\\vendor\\laravel\\framework\\src\\Illuminate\\Pipeline\\Pipeline.php(163): Illuminate\\Session\\Middleware\\StartSession->handle(Object(Illuminate\\Http\\Request), Object(Closure))
#22 C:\\Herd\\wakeupict\\vendor\\laravel\\framework\\src\\Illuminate\\Routing\\Pipeline.php(53): Illuminate\\Pipeline\\Pipeline->Illuminate\\Pipeline\\{closure}(Object(Illuminate\\Http\\Request))
#23 C:\\Herd\\wakeupict\\vendor\\laravel\\framework\\src\\Illuminate\\Cookie\\Middleware\\AddQueuedCookiesToResponse.php(37): Illuminate\\Routing\\Pipeline->Illuminate\\Routing\\{closure}(Object(Illuminate\\Http\\Request))
#24 C:\\Herd\\wakeupict\\vendor\\laravel\\framework\\src\\Illuminate\\Pipeline\\Pipeline.php(163): Illuminate\\Cookie\\Middleware\\AddQueuedCookiesToResponse->handle(Object(Illuminate\\Http\\Request), Object(Closure))
#25 C:\\Herd\\wakeupict\\vendor\\laravel\\framework\\src\\Illuminate\\Routing\\Pipeline.php(53): Illuminate\\Pipeline\\Pipeline->Illuminate\\Pipeline\\{closure}(Object(Illuminate\\Http\\Request))
#26 C:\\Herd\\wakeupict\\vendor\\laravel\\framework\\src\\Illuminate\\Cookie\\Middleware\\EncryptCookies.php(66): Illuminate\\Routing\\Pipeline->Illuminate\\Routing\\{closure}(Object(Illuminate\\Http\\Request))
#27 C:\\Herd\\wakeupict\\vendor\\laravel\\framework\\src\\Illuminate\\Pipeline\\Pipeline.php(163): Illuminate\\Cookie\\Middleware\\EncryptCookies->handle(Object(Illuminate\\Http\\Request), Object(Closure))
#28 C:\\Herd\\wakeupict\\vendor\\laravel\\framework\\src\\Illuminate\\Routing\\Pipeline.php(53): Illuminate\\Pipeline\\Pipeline->Illuminate\\Pipeline\\{closure}(Object(Illuminate\\Http\\Request))
#29 C:\\Herd\\wakeupict\\vendor\\laravel\\framework\\src\\Illuminate\\Pipeline\\Pipeline.php(104): Illuminate\\Routing\\Pipeline->Illuminate\\Routing\\{closure}(Object(Illuminate\\Http\\Request))
#30 C:\\Herd\\wakeupict\\vendor\\laravel\\framework\\src\\Illuminate\\Routing\\Router.php(682): Illuminate\\Pipeline\\Pipeline->then(Object(Closure))
#31 C:\\Herd\\wakeupict\\vendor\\laravel\\framework\\src\\Illuminate\\Routing\\Router.php(657): Illuminate\\Routing\\Router->runRouteWithinStack(Object(Illuminate\\Routing\\Route), Object(Illuminate\\Http\\Request))
#32 C:\\Herd\\wakeupict\\vendor\\laravel\\framework\\src\\Illuminate\\Routing\\Router.php(623): Illuminate\\Routing\\Router->runRoute(Object(Illuminate\\Http\\Request), Object(Illuminate\\Routing\\Route))
#33 C:\\Herd\\wakeupict\\vendor\\laravel\\framework\\src\\Illuminate\\Routing\\Router.php(612): Illuminate\\Routing\\Router->dispatchToRoute(Object(Illuminate\\Http\\Request))
#34 C:\\Herd\\wakeupict\\vendor\\laravel\\framework\\src\\Illuminate\\Foundation\\Http\\Kernel.php(176): Illuminate\\Routing\\Router->dispatch(Object(Illuminate\\Http\\Request))
#35 C:\\Herd\\wakeupict\\vendor\\laravel\\framework\\src\\Illuminate\\Routing\\Pipeline.php(30): Illuminate\\Foundation\\Http\\Kernel->Illuminate\\Foundation\\Http\\{closure}(Object(Illuminate\\Http\\Request))
#36 C:\\Herd\\wakeupict\\vendor\\laravel\\framework\\src\\Illuminate\\Foundation\\Http\\Middleware\\TransformsRequest.php(21): Illuminate\\Routing\\Pipeline->Illuminate\\Routing\\{closure}(Object(Illuminate\\Http\\Request))
#37 C:\\Herd\\wakeupict\\vendor\\laravel\\framework\\src\\Illuminate\\Pipeline\\Pipeline.php(163): Illuminate\\Foundation\\Http\\Middleware\\TransformsRequest->handle(Object(Illuminate\\Http\\Request), Object(Closure))
#38 C:\\Herd\\wakeupict\\vendor\\laravel\\framework\\src\\Illuminate\\Routing\\Pipeline.php(53): Illuminate\\Pipeline\\Pipeline->Illuminate\\Pipeline\\{closure}(Object(Illuminate\\Http\\Request))
#39 C:\\Herd\\wakeupict\\vendor\\laravel\\framework\\src\\Illuminate\\Foundation\\Http\\Middleware\\TransformsRequest.php(21): Illuminate\\Routing\\Pipeline->Illuminate\\Routing\\{closure}(Object(Illuminate\\Http\\Request))
#40 C:\\Herd\\wakeupict\\vendor\\laravel\\framework\\src\\Illuminate\\Pipeline\\Pipeline.php(163): Illuminate\\Foundation\\Http\\Middleware\\TransformsRequest->handle(Object(Illuminate\\Http\\Request), Object(Closure))
#41 C:\\Herd\\wakeupict\\vendor\\laravel\\framework\\src\\Illuminate\\Routing\\Pipeline.php(53): Illuminate\\Pipeline\\Pipeline->Illuminate\\Pipeline\\{closure}(Object(Illuminate\\Http\\Request))
#42 C:\\Herd\\wakeupict\\vendor\\laravel\\framework\\src\\Illuminate\\Foundation\\Http\\Middleware\\ValidatePostSize.php(27): Illuminate\\Routing\\Pipeline->Illuminate\\Routing\\{closure}(Object(Illuminate\\Http\\Request))
#43 C:\\Herd\\wakeupict\\vendor\\laravel\\framework\\src\\Illuminate\\Pipeline\\Pipeline.php(163): Illuminate\\Foundation\\Http\\Middleware\\ValidatePostSize->handle(Object(Illuminate\\Http\\Request), Object(Closure))
#44 C:\\Herd\\wakeupict\\vendor\\laravel\\framework\\src\\Illuminate\\Routing\\Pipeline.php(53): Illuminate\\Pipeline\\Pipeline->Illuminate\\Pipeline\\{closure}(Object(Illuminate\\Http\\Request))
#45 C:\\Herd\\wakeupict\\vendor\\laravel\\framework\\src\\Illuminate\\Foundation\\Http\\Middleware\\CheckForMaintenanceMode.php(62): Illuminate\\Routing\\Pipeline->Illuminate\\Routing\\{closure}(Object(Illuminate\\Http\\Request))
#46 C:\\Herd\\wakeupict\\vendor\\laravel\\framework\\src\\Illuminate\\Pipeline\\Pipeline.php(163): Illuminate\\Foundation\\Http\\Middleware\\CheckForMaintenanceMode->handle(Object(Illuminate\\Http\\Request), Object(Closure))
#47 C:\\Herd\\wakeupict\\vendor\\laravel\\framework\\src\\Illuminate\\Routing\\Pipeline.php(53): Illuminate\\Pipeline\\Pipeline->Illuminate\\Pipeline\\{closure}(Object(Illuminate\\Http\\Request))
#48 C:\\Herd\\wakeupict\\vendor\\fideloper\\proxy\\src\\TrustProxies.php(57): Illuminate\\Routing\\Pipeline->Illuminate\\Routing\\{closure}(Object(Illuminate\\Http\\Request))
#49 C:\\Herd\\wakeupict\\vendor\\laravel\\framework\\src\\Illuminate\\Pipeline\\Pipeline.php(163): Fideloper\\Proxy\\TrustProxies->handle(Object(Illuminate\\Http\\Request), Object(Closure))
#50 C:\\Herd\\wakeupict\\vendor\\laravel\\framework\\src\\Illuminate\\Routing\\Pipeline.php(53): Illuminate\\Pipeline\\Pipeline->Illuminate\\Pipeline\\{closure}(Object(Illuminate\\Http\\Request))
#51 C:\\Herd\\wakeupict\\vendor\\laravel\\framework\\src\\Illuminate\\Pipeline\\Pipeline.php(104): Illuminate\\Routing\\Pipeline->Illuminate\\Routing\\{closure}(Object(Illuminate\\Http\\Request))
#52 C:\\Herd\\wakeupict\\vendor\\laravel\\framework\\src\\Illuminate\\Foundation\\Http\\Kernel.php(151): Illuminate\\Pipeline\\Pipeline->then(Object(Closure))
#53 C:\\Herd\\wakeupict\\vendor\\laravel\\framework\\src\\Illuminate\\Foundation\\Http\\Kernel.php(116): Illuminate\\Foundation\\Http\\Kernel->sendRequestThroughRouter(Object(Illuminate\\Http\\Request))
#54 C:\\Users\\Wake Up ICT\\.gemini\\antigravity-ide\\brain\\3057f3ef-2b6a-4759-943b-a267c8e3a4ca\\scratch\\test_all_frontend_pages.php(35): Illuminate\\Foundation\\Http\\Kernel->handle(Object(Illuminate\\Http\\Request))
#55 {main}
"} 
[2026-09-22 17:19:09] local.ERROR: Trying to get property 'id' of non-object {"exception":"[object] (ErrorException(code: 0): Trying to get property 'id' of non-object at C:\\Herd\\wakeupict\\app\\Http\\Controllers\\frontend\\theme\\clasic\\AcademicTrainingController.php:29)
[stacktrace]
#0 C:\\Herd\\wakeupict\\app\\Http\\Controllers\\frontend\\theme\\clasic\\AcademicTrainingController.php(29): Illuminate\\Foundation\\Bootstrap\\HandleExceptions->handleError(8, 'Trying to get p...', 'C:\\\\Herd\\\\wakeupi...', 29, Array)
#1 [internal function]: App\\Http\\Controllers\\frontend\\theme\\clasic\\AcademicTrainingController->courseDetails('1')
#2 C:\\Herd\\wakeupict\\vendor\\laravel\\framework\\src\\Illuminate\\Routing\\Controller.php(54): call_user_func_array(Array, Array)
#3 C:\\Herd\\wakeupict\\vendor\\laravel\\framework\\src\\Illuminate\\Routing\\ControllerDispatcher.php(45): Illuminate\\Routing\\Controller->callAction('courseDetails', Array)
#4 C:\\Herd\\wakeupict\\vendor\\laravel\\framework\\src\\Illuminate\\Routing\\Route.php(219): Illuminate\\Routing\\ControllerDispatcher->dispatch(Object(Illuminate\\Routing\\Route), Object(App\\Http\\Controllers\\frontend\\theme\\clasic\\AcademicTrainingController), 'courseDetails')
#5 C:\\Herd\\wakeupict\\vendor\\laravel\\framework\\src\\Illuminate\\Routing\\Route.php(176): Illuminate\\Routing\\Route->runController()
#6 C:\\Herd\\wakeupict\\vendor\\laravel\\framework\\src\\Illuminate\\Routing\\Router.php(680): Illuminate\\Routing\\Route->run()
#7 C:\\Herd\\wakeupict\\vendor\\laravel\\framework\\src\\Illuminate\\Routing\\Pipeline.php(30): Illuminate\\Routing\\Router->Illuminate\\Routing\\{closure}(Object(Illuminate\\Http\\Request))
#8 C:\\Herd\\wakeupict\\app\\Http\\Middleware\\SetLocale.php(47): Illuminate\\Routing\\Pipeline->Illuminate\\Routing\\{closure}(Object(Illuminate\\Http\\Request))
#9 C:\\Herd\\wakeupict\\vendor\\laravel\\framework\\src\\Illuminate\\Pipeline\\Pipeline.php(163): App\\Http\\Middleware\\SetLocale->handle(Object(Illuminate\\Http\\Request), Object(Closure))
#10 C:\\Herd\\wakeupict\\vendor\\laravel\\framework\\src\\Illuminate\\Routing\\Pipeline.php(53): Illuminate\\Pipeline\\Pipeline->Illuminate\\Pipeline\\{closure}(Object(Illuminate\\Http\\Request))
#11 C:\\Herd\\wakeupict\\vendor\\laravel\\framework\\src\\Illuminate\\Routing\\Middleware\\SubstituteBindings.php(41): Illuminate\\Routing\\Pipeline->Illuminate\\Routing\\{closure}(Object(Illuminate\\Http\\Request))
#12 C:\\Herd\\wakeupict\\vendor\\laravel\\framework\\src\\Illuminate\\Pipeline\\Pipeline.php(163): Illuminate\\Routing\\Middleware\\SubstituteBindings->handle(Object(Illuminate\\Http\\Request), Object(Closure))
#13 C:\\Herd\\wakeupict\\vendor\\laravel\\framework\\src\\Illuminate\\Routing\\Pipeline.php(53): Illuminate\\Pipeline\\Pipeline->Illuminate\\Pipeline\\{closure}(Object(Illuminate\\Http\\Request))
#14 C:\\Herd\\wakeupict\\vendor\\laravel\\framework\\src\\Illuminate\\Foundation\\Http\\Middleware\\VerifyCsrfToken.php(75): Illuminate\\Routing\\Pipeline->Illuminate\\Routing\\{closure}(Object(Illuminate\\Http\\Request))
#15 C:\\Herd\\wakeupict\\vendor\\laravel\\framework\\src\\Illuminate\\Pipeline\\Pipeline.php(163): Illuminate\\Foundation\\Http\\Middleware\\VerifyCsrfToken->handle(Object(Illuminate\\Http\\Request), Object(Closure))
#16 C:\\Herd\\wakeupict\\vendor\\laravel\\framework\\src\\Illuminate\\Routing\\Pipeline.php(53): Illuminate\\Pipeline\\Pipeline->Illuminate\\Pipeline\\{closure}(Object(Illuminate\\Http\\Request))
#17 C:\\Herd\\wakeupict\\vendor\\laravel\\framework\\src\\Illuminate\\View\\Middleware\\ShareErrorsFromSession.php(49): Illuminate\\Routing\\Pipeline->Illuminate\\Routing\\{closure}(Object(Illuminate\\Http\\Request))
#18 C:\\Herd\\wakeupict\\vendor\\laravel\\framework\\src\\Illuminate\\Pipeline\\Pipeline.php(163): Illuminate\\View\\Middleware\\ShareErrorsFromSession->handle(Object(Illuminate\\Http\\Request), Object(Closure))
#19 C:\\Herd\\wakeupict\\vendor\\laravel\\framework\\src\\Illuminate\\Routing\\Pipeline.php(53): Illuminate\\Pipeline\\Pipeline->Illuminate\\Pipeline\\{closure}(Object(Illuminate\\Http\\Request))
#20 C:\\Herd\\wakeupict\\vendor\\laravel\\framework\\src\\Illuminate\\Session\\Middleware\\StartSession.php(56): Illuminate\\Routing\\Pipeline->Illuminate\\Routing\\{closure}(Object(Illuminate\\Http\\Request))
#21 C:\\Herd\\wakeupict\\vendor\\laravel\\framework\\src\\Illuminate\\Pipeline\\Pipeline.php(163): Illuminate\\Session\\Middleware\\StartSession->handle(Object(Illuminate\\Http\\Request), Object(Closure))
#22 C:\\Herd\\wakeupict\\vendor\\laravel\\framework\\src\\Illuminate\\Routing\\Pipeline.php(53): Illuminate\\Pipeline\\Pipeline->Illuminate\\Pipeline\\{closure}(Object(Illuminate\\Http\\Request))
#23 C:\\Herd\\wakeupict\\vendor\\laravel\\framework\\src\\Illuminate\\Cookie\\Middleware\\AddQueuedCookiesToResponse.php(37): Illuminate\\Routing\\Pipeline->Illuminate\\Routing\\{closure}(Object(Illuminate\\Http\\Request))
#24 C:\\Herd\\wakeupict\\vendor\\laravel\\framework\\src\\Illuminate\\Pipeline\\Pipeline.php(163): Illuminate\\Cookie\\Middleware\\AddQueuedCookiesToResponse->handle(Object(Illuminate\\Http\\Request), Object(Closure))
#25 C:\\Herd\\wakeupict\\vendor\\laravel\\framework\\src\\Illuminate\\Routing\\Pipeline.php(53): Illuminate\\Pipeline\\Pipeline->Illuminate\\Pipeline\\{closure}(Object(Illuminate\\Http\\Request))
#26 C:\\Herd\\wakeupict\\vendor\\laravel\\framework\\src\\Illuminate\\Cookie\\Middleware\\EncryptCookies.php(66): Illuminate\\Routing\\Pipeline->Illuminate\\Routing\\{closure}(Object(Illuminate\\Http\\Request))
#27 C:\\Herd\\wakeupict\\vendor\\laravel\\framework\\src\\Illuminate\\Pipeline\\Pipeline.php(163): Illuminate\\Cookie\\Middleware\\EncryptCookies->handle(Object(Illuminate\\Http\\Request), Object(Closure))
#28 C:\\Herd\\wakeupict\\vendor\\laravel\\framework\\src\\Illuminate\\Routing\\Pipeline.php(53): Illuminate\\Pipeline\\Pipeline->Illuminate\\Pipeline\\{closure}(Object(Illuminate\\Http\\Request))
#29 C:\\Herd\\wakeupict\\vendor\\laravel\\framework\\src\\Illuminate\\Pipeline\\Pipeline.php(104): Illuminate\\Routing\\Pipeline->Illuminate\\Routing\\{closure}(Object(Illuminate\\Http\\Request))
#30 C:\\Herd\\wakeupict\\vendor\\laravel\\framework\\src\\Illuminate\\Routing\\Router.php(682): Illuminate\\Pipeline\\Pipeline->then(Object(Closure))
#31 C:\\Herd\\wakeupict\\vendor\\laravel\\framework\\src\\Illuminate\\Routing\\Router.php(657): Illuminate\\Routing\\Router->runRouteWithinStack(Object(Illuminate\\Routing\\Route), Object(Illuminate\\Http\\Request))
#32 C:\\Herd\\wakeupict\\vendor\\laravel\\framework\\src\\Illuminate\\Routing\\Router.php(623): Illuminate\\Routing\\Router->runRoute(Object(Illuminate\\Http\\Request), Object(Illuminate\\Routing\\Route))
#33 C:\\Herd\\wakeupict\\vendor\\laravel\\framework\\src\\Illuminate\\Routing\\Router.php(612): Illuminate\\Routing\\Router->dispatchToRoute(Object(Illuminate\\Http\\Request))
#34 C:\\Herd\\wakeupict\\vendor\\laravel\\framework\\src\\Illuminate\\Foundation\\Http\\Kernel.php(176): Illuminate\\Routing\\Router->dispatch(Object(Illuminate\\Http\\Request))
#35 C:\\Herd\\wakeupict\\vendor\\laravel\\framework\\src\\Illuminate\\Routing\\Pipeline.php(30): Illuminate\\Foundation\\Http\\Kernel->Illuminate\\Foundation\\Http\\{closure}(Object(Illuminate\\Http\\Request))
#36 C:\\Herd\\wakeupict\\vendor\\laravel\\framework\\src\\Illuminate\\Foundation\\Http\\Middleware\\TransformsRequest.php(21): Illuminate\\Routing\\Pipeline->Illuminate\\Routing\\{closure}(Object(Illuminate\\Http\\Request))
#37 C:\\Herd\\wakeupict\\vendor\\laravel\\framework\\src\\Illuminate\\Pipeline\\Pipeline.php(163): Illuminate\\Foundation\\Http\\Middleware\\TransformsRequest->handle(Object(Illuminate\\Http\\Request), Object(Closure))
#38 C:\\Herd\\wakeupict\\vendor\\laravel\\framework\\src\\Illuminate\\Routing\\Pipeline.php(53): Illuminate\\Pipeline\\Pipeline->Illuminate\\Pipeline\\{closure}(Object(Illuminate\\Http\\Request))
#39 C:\\Herd\\wakeupict\\vendor\\laravel\\framework\\src\\Illuminate\\Foundation\\Http\\Middleware\\TransformsRequest.php(21): Illuminate\\Routing\\Pipeline->Illuminate\\Routing\\{closure}(Object(Illuminate\\Http\\Request))
#40 C:\\Herd\\wakeupict\\vendor\\laravel\\framework\\src\\Illuminate\\Pipeline\\Pipeline.php(163): Illuminate\\Foundation\\Http\\Middleware\\TransformsRequest->handle(Object(Illuminate\\Http\\Request), Object(Closure))
#41 C:\\Herd\\wakeupict\\vendor\\laravel\\framework\\src\\Illuminate\\Routing\\Pipeline.php(53): Illuminate\\Pipeline\\Pipeline->Illuminate\\Pipeline\\{closure}(Object(Illuminate\\Http\\Request))
#42 C:\\Herd\\wakeupict\\vendor\\laravel\\framework\\src\\Illuminate\\Foundation\\Http\\Middleware\\ValidatePostSize.php(27): Illuminate\\Routing\\Pipeline->Illuminate\\Routing\\{closure}(Object(Illuminate\\Http\\Request))
#43 C:\\Herd\\wakeupict\\vendor\\laravel\\framework\\src\\Illuminate\\Pipeline\\Pipeline.php(163): Illuminate\\Foundation\\Http\\Middleware\\ValidatePostSize->handle(Object(Illuminate\\Http\\Request), Object(Closure))
#44 C:\\Herd\\wakeupict\\vendor\\laravel\\framework\\src\\Illuminate\\Routing\\Pipeline.php(53): Illuminate\\Pipeline\\Pipeline->Illuminate\\Pipeline\\{closure}(Object(Illuminate\\Http\\Request))
#45 C:\\Herd\\wakeupict\\vendor\\laravel\\framework\\src\\Illuminate\\Foundation\\Http\\Middleware\\CheckForMaintenanceMode.php(62): Illuminate\\Routing\\Pipeline->Illuminate\\Routing\\{closure}(Object(Illuminate\\Http\\Request))
#46 C:\\Herd\\wakeupict\\vendor\\laravel\\framework\\src\\Illuminate\\Pipeline\\Pipeline.php(163): Illuminate\\Foundation\\Http\\Middleware\\CheckForMaintenanceMode->handle(Object(Illuminate\\Http\\Request), Object(Closure))
#47 C:\\Herd\\wakeupict\\vendor\\laravel\\framework\\src\\Illuminate\\Routing\\Pipeline.php(53): Illuminate\\Pipeline\\Pipeline->Illuminate\\Pipeline\\{closure}(Object(Illuminate\\Http\\Request))
#48 C:\\Herd\\wakeupict\\vendor\\fideloper\\proxy\\src\\TrustProxies.php(57): Illuminate\\Routing\\Pipeline->Illuminate\\Routing\\{closure}(Object(Illuminate\\Http\\Request))
#49 C:\\Herd\\wakeupict\\vendor\\laravel\\framework\\src\\Illuminate\\Pipeline\\Pipeline.php(163): Fideloper\\Proxy\\TrustProxies->handle(Object(Illuminate\\Http\\Request), Object(Closure))
#50 C:\\Herd\\wakeupict\\vendor\\laravel\\framework\\src\\Illuminate\\Routing\\Pipeline.php(53): Illuminate\\Pipeline\\Pipeline->Illuminate\\Pipeline\\{closure}(Object(Illuminate\\Http\\Request))
#51 C:\\Herd\\wakeupict\\vendor\\laravel\\framework\\src\\Illuminate\\Pipeline\\Pipeline.php(104): Illuminate\\Routing\\Pipeline->Illuminate\\Routing\\{closure}(Object(Illuminate\\Http\\Request))
#52 C:\\Herd\\wakeupict\\vendor\\laravel\\framework\\src\\Illuminate\\Foundation\\Http\\Kernel.php(151): Illuminate\\Pipeline\\Pipeline->then(Object(Closure))
#53 C:\\Herd\\wakeupict\\vendor\\laravel\\framework\\src\\Illuminate\\Foundation\\Http\\Kernel.php(116): Illuminate\\Foundation\\Http\\Kernel->sendRequestThroughRouter(Object(Illuminate\\Http\\Request))
#54 C:\\Users\\Wake Up ICT\\.gemini\\antigravity-ide\\brain\\3057f3ef-2b6a-4759-943b-a267c8e3a4ca\\scratch\\test_all_frontend_pages.php(35): Illuminate\\Foundation\\Http\\Kernel->handle(Object(Illuminate\\Http\\Request))
#55 {main}
"} 
[2026-09-22 11:19:18] local.ERROR: Trying to get property 'id' of non-object {"exception":"[object] (ErrorException(code: 0): Trying to get property 'id' of non-object at C:\\Herd\\wakeupict\\app\\Http\\Controllers\\frontend\\theme\\clasic\\AcademicTrainingController.php:29)
[stacktrace]
#0 C:\\Herd\\wakeupict\\app\\Http\\Controllers\\frontend\\theme\\clasic\\AcademicTrainingController.php(29): Illuminate\\Foundation\\Bootstrap\\HandleExceptions->handleError(8, 'Trying to get p...', 'C:\\\\Herd\\\\wakeupi...', 29, Array)
#1 [internal function]: App\\Http\\Controllers\\frontend\\theme\\clasic\\AcademicTrainingController->courseDetails('1')
#2 C:\\Herd\\wakeupict\\vendor\\laravel\\framework\\src\\Illuminate\\Routing\\Controller.php(54): call_user_func_array(Array, Array)
#3 C:\\Herd\\wakeupict\\vendor\\laravel\\framework\\src\\Illuminate\\Routing\\ControllerDispatcher.php(45): Illuminate\\Routing\\Controller->callAction('courseDetails', Array)
#4 C:\\Herd\\wakeupict\\vendor\\laravel\\framework\\src\\Illuminate\\Routing\\Route.php(219): Illuminate\\Routing\\ControllerDispatcher->dispatch(Object(Illuminate\\Routing\\Route), Object(App\\Http\\Controllers\\frontend\\theme\\clasic\\AcademicTrainingController), 'courseDetails')
#5 C:\\Herd\\wakeupict\\vendor\\laravel\\framework\\src\\Illuminate\\Routing\\Route.php(176): Illuminate\\Routing\\Route->runController()
#6 C:\\Herd\\wakeupict\\vendor\\laravel\\framework\\src\\Illuminate\\Routing\\Router.php(680): Illuminate\\Routing\\Route->run()
#7 C:\\Herd\\wakeupict\\vendor\\laravel\\framework\\src\\Illuminate\\Routing\\Pipeline.php(30): Illuminate\\Routing\\Router->Illuminate\\Routing\\{closure}(Object(Illuminate\\Http\\Request))
#8 C:\\Herd\\wakeupict\\app\\Http\\Middleware\\SetLocale.php(47): Illuminate\\Routing\\Pipeline->Illuminate\\Routing\\{closure}(Object(Illuminate\\Http\\Request))
#9 C:\\Herd\\wakeupict\\vendor\\laravel\\framework\\src\\Illuminate\\Pipeline\\Pipeline.php(163): App\\Http\\Middleware\\SetLocale->handle(Object(Illuminate\\Http\\Request), Object(Closure))
#10 C:\\Herd\\wakeupict\\vendor\\laravel\\framework\\src\\Illuminate\\Routing\\Pipeline.php(53): Illuminate\\Pipeline\\Pipeline->Illuminate\\Pipeline\\{closure}(Object(Illuminate\\Http\\Request))
#11 C:\\Herd\\wakeupict\\vendor\\laravel\\framework\\src\\Illuminate\\Routing\\Middleware\\SubstituteBindings.php(41): Illuminate\\Routing\\Pipeline->Illuminate\\Routing\\{closure}(Object(Illuminate\\Http\\Request))
#12 C:\\Herd\\wakeupict\\vendor\\laravel\\framework\\src\\Illuminate\\Pipeline\\Pipeline.php(163): Illuminate\\Routing\\Middleware\\SubstituteBindings->handle(Object(Illuminate\\Http\\Request), Object(Closure))
#13 C:\\Herd\\wakeupict\\vendor\\laravel\\framework\\src\\Illuminate\\Routing\\Pipeline.php(53): Illuminate\\Pipeline\\Pipeline->Illuminate\\Pipeline\\{closure}(Object(Illuminate\\Http\\Request))
#14 C:\\Herd\\wakeupict\\vendor\\laravel\\framework\\src\\Illuminate\\Foundation\\Http\\Middleware\\VerifyCsrfToken.php(75): Illuminate\\Routing\\Pipeline->Illuminate\\Routing\\{closure}(Object(Illuminate\\Http\\Request))
#15 C:\\Herd\\wakeupict\\vendor\\laravel\\framework\\src\\Illuminate\\Pipeline\\Pipeline.php(163): Illuminate\\Foundation\\Http\\Middleware\\VerifyCsrfToken->handle(Object(Illuminate\\Http\\Request), Object(Closure))
#16 C:\\Herd\\wakeupict\\vendor\\laravel\\framework\\src\\Illuminate\\Routing\\Pipeline.php(53): Illuminate\\Pipeline\\Pipeline->Illuminate\\Pipeline\\{closure}(Object(Illuminate\\Http\\Request))
#17 C:\\Herd\\wakeupict\\vendor\\laravel\\framework\\src\\Illuminate\\View\\Middleware\\ShareErrorsFromSession.php(49): Illuminate\\Routing\\Pipeline->Illuminate\\Routing\\{closure}(Object(Illuminate\\Http\\Request))
#18 C:\\Herd\\wakeupict\\vendor\\laravel\\framework\\src\\Illuminate\\Pipeline\\Pipeline.php(163): Illuminate\\View\\Middleware\\ShareErrorsFromSession->handle(Object(Illuminate\\Http\\Request), Object(Closure))
#19 C:\\Herd\\wakeupict\\vendor\\laravel\\framework\\src\\Illuminate\\Routing\\Pipeline.php(53): Illuminate\\Pipeline\\Pipeline->Illuminate\\Pipeline\\{closure}(Object(Illuminate\\Http\\Request))
#20 C:\\Herd\\wakeupict\\vendor\\laravel\\framework\\src\\Illuminate\\Session\\Middleware\\StartSession.php(56): Illuminate\\Routing\\Pipeline->Illuminate\\Routing\\{closure}(Object(Illuminate\\Http\\Request))
#21 C:\\Herd\\wakeupict\\vendor\\laravel\\framework\\src\\Illuminate\\Pipeline\\Pipeline.php(163): Illuminate\\Session\\Middleware\\StartSession->handle(Object(Illuminate\\Http\\Request), Object(Closure))
#22 C:\\Herd\\wakeupict\\vendor\\laravel\\framework\\src\\Illuminate\\Routing\\Pipeline.php(53): Illuminate\\Pipeline\\Pipeline->Illuminate\\Pipeline\\{closure}(Object(Illuminate\\Http\\Request))
#23 C:\\Herd\\wakeupict\\vendor\\laravel\\framework\\src\\Illuminate\\Cookie\\Middleware\\AddQueuedCookiesToResponse.php(37): Illuminate\\Routing\\Pipeline->Illuminate\\Routing\\{closure}(Object(Illuminate\\Http\\Request))
#24 C:\\Herd\\wakeupict\\vendor\\laravel\\framework\\src\\Illuminate\\Pipeline\\Pipeline.php(163): Illuminate\\Cookie\\Middleware\\AddQueuedCookiesToResponse->handle(Object(Illuminate\\Http\\Request), Object(Closure))
#25 C:\\Herd\\wakeupict\\vendor\\laravel\\framework\\src\\Illuminate\\Routing\\Pipeline.php(53): Illuminate\\Pipeline\\Pipeline->Illuminate\\Pipeline\\{closure}(Object(Illuminate\\Http\\Request))
#26 C:\\Herd\\wakeupict\\vendor\\laravel\\framework\\src\\Illuminate\\Cookie\\Middleware\\EncryptCookies.php(66): Illuminate\\Routing\\Pipeline->Illuminate\\Routing\\{closure}(Object(Illuminate\\Http\\Request))
#27 C:\\Herd\\wakeupict\\vendor\\laravel\\framework\\src\\Illuminate\\Pipeline\\Pipeline.php(163): Illuminate\\Cookie\\Middleware\\EncryptCookies->handle(Object(Illuminate\\Http\\Request), Object(Closure))
#28 C:\\Herd\\wakeupict\\vendor\\laravel\\framework\\src\\Illuminate\\Routing\\Pipeline.php(53): Illuminate\\Pipeline\\Pipeline->Illuminate\\Pipeline\\{closure}(Object(Illuminate\\Http\\Request))
#29 C:\\Herd\\wakeupict\\vendor\\laravel\\framework\\src\\Illuminate\\Pipeline\\Pipeline.php(104): Illuminate\\Routing\\Pipeline->Illuminate\\Routing\\{closure}(Object(Illuminate\\Http\\Request))
#30 C:\\Herd\\wakeupict\\vendor\\laravel\\framework\\src\\Illuminate\\Routing\\Router.php(682): Illuminate\\Pipeline\\Pipeline->then(Object(Closure))
#31 C:\\Herd\\wakeupict\\vendor\\laravel\\framework\\src\\Illuminate\\Routing\\Router.php(657): Illuminate\\Routing\\Router->runRouteWithinStack(Object(Illuminate\\Routing\\Route), Object(Illuminate\\Http\\Request))
#32 C:\\Herd\\wakeupict\\vendor\\laravel\\framework\\src\\Illuminate\\Routing\\Router.php(623): Illuminate\\Routing\\Router->runRoute(Object(Illuminate\\Http\\Request), Object(Illuminate\\Routing\\Route))
#33 C:\\Herd\\wakeupict\\vendor\\laravel\\framework\\src\\Illuminate\\Routing\\Router.php(612): Illuminate\\Routing\\Router->dispatchToRoute(Object(Illuminate\\Http\\Request))
#34 C:\\Herd\\wakeupict\\vendor\\laravel\\framework\\src\\Illuminate\\Foundation\\Http\\Kernel.php(176): Illuminate\\Routing\\Router->dispatch(Object(Illuminate\\Http\\Request))
#35 C:\\Herd\\wakeupict\\vendor\\laravel\\framework\\src\\Illuminate\\Routing\\Pipeline.php(30): Illuminate\\Foundation\\Http\\Kernel->Illuminate\\Foundation\\Http\\{closure}(Object(Illuminate\\Http\\Request))
#36 C:\\Herd\\wakeupict\\vendor\\laravel\\framework\\src\\Illuminate\\Foundation\\Http\\Middleware\\TransformsRequest.php(21): Illuminate\\Routing\\Pipeline->Illuminate\\Routing\\{closure}(Object(Illuminate\\Http\\Request))
#37 C:\\Herd\\wakeupict\\vendor\\laravel\\framework\\src\\Illuminate\\Pipeline\\Pipeline.php(163): Illuminate\\Foundation\\Http\\Middleware\\TransformsRequest->handle(Object(Illuminate\\Http\\Request), Object(Closure))
#38 C:\\Herd\\wakeupict\\vendor\\laravel\\framework\\src\\Illuminate\\Routing\\Pipeline.php(53): Illuminate\\Pipeline\\Pipeline->Illuminate\\Pipeline\\{closure}(Object(Illuminate\\Http\\Request))
#39 C:\\Herd\\wakeupict\\vendor\\laravel\\framework\\src\\Illuminate\\Foundation\\Http\\Middleware\\TransformsRequest.php(21): Illuminate\\Routing\\Pipeline->Illuminate\\Routing\\{closure}(Object(Illuminate\\Http\\Request))
#40 C:\\Herd\\wakeupict\\vendor\\laravel\\framework\\src\\Illuminate\\Pipeline\\Pipeline.php(163): Illuminate\\Foundation\\Http\\Middleware\\TransformsRequest->handle(Object(Illuminate\\Http\\Request), Object(Closure))
#41 C:\\Herd\\wakeupict\\vendor\\laravel\\framework\\src\\Illuminate\\Routing\\Pipeline.php(53): Illuminate\\Pipeline\\Pipeline->Illuminate\\Pipeline\\{closure}(Object(Illuminate\\Http\\Request))
#42 C:\\Herd\\wakeupict\\vendor\\laravel\\framework\\src\\Illuminate\\Foundation\\Http\\Middleware\\ValidatePostSize.php(27): Illuminate\\Routing\\Pipeline->Illuminate\\Routing\\{closure}(Object(Illuminate\\Http\\Request))
#43 C:\\Herd\\wakeupict\\vendor\\laravel\\framework\\src\\Illuminate\\Pipeline\\Pipeline.php(163): Illuminate\\Foundation\\Http\\Middleware\\ValidatePostSize->handle(Object(Illuminate\\Http\\Request), Object(Closure))
#44 C:\\Herd\\wakeupict\\vendor\\laravel\\framework\\src\\Illuminate\\Routing\\Pipeline.php(53): Illuminate\\Pipeline\\Pipeline->Illuminate\\Pipeline\\{closure}(Object(Illuminate\\Http\\Request))
#45 C:\\Herd\\wakeupict\\vendor\\laravel\\framework\\src\\Illuminate\\Foundation\\Http\\Middleware\\CheckForMaintenanceMode.php(62): Illuminate\\Routing\\Pipeline->Illuminate\\Routing\\{closure}(Object(Illuminate\\Http\\Request))
#46 C:\\Herd\\wakeupict\\vendor\\laravel\\framework\\src\\Illuminate\\Pipeline\\Pipeline.php(163): Illuminate\\Foundation\\Http\\Middleware\\CheckForMaintenanceMode->handle(Object(Illuminate\\Http\\Request), Object(Closure))
#47 C:\\Herd\\wakeupict\\vendor\\laravel\\framework\\src\\Illuminate\\Routing\\Pipeline.php(53): Illuminate\\Pipeline\\Pipeline->Illuminate\\Pipeline\\{closure}(Object(Illuminate\\Http\\Request))
#48 C:\\Herd\\wakeupict\\vendor\\fideloper\\proxy\\src\\TrustProxies.php(57): Illuminate\\Routing\\Pipeline->Illuminate\\Routing\\{closure}(Object(Illuminate\\Http\\Request))
#49 C:\\Herd\\wakeupict\\vendor\\laravel\\framework\\src\\Illuminate\\Pipeline\\Pipeline.php(163): Fideloper\\Proxy\\TrustProxies->handle(Object(Illuminate\\Http\\Request), Object(Closure))
#50 C:\\Herd\\wakeupict\\vendor\\laravel\\framework\\src\\Illuminate\\Routing\\Pipeline.php(53): Illuminate\\Pipeline\\Pipeline->Illuminate\\Pipeline\\{closure}(Object(Illuminate\\Http\\Request))
#51 C:\\Herd\\wakeupict\\vendor\\laravel\\framework\\src\\Illuminate\\Pipeline\\Pipeline.php(104): Illuminate\\Routing\\Pipeline->Illuminate\\Routing\\{closure}(Object(Illuminate\\Http\\Request))
#52 C:\\Herd\\wakeupict\\vendor\\laravel\\framework\\src\\Illuminate\\Foundation\\Http\\Kernel.php(151): Illuminate\\Pipeline\\Pipeline->then(Object(Closure))
#53 C:\\Herd\\wakeupict\\vendor\\laravel\\framework\\src\\Illuminate\\Foundation\\Http\\Kernel.php(116): Illuminate\\Foundation\\Http\\Kernel->sendRequestThroughRouter(Object(Illuminate\\Http\\Request))
#54 C:\\Users\\Wake Up ICT\\.gemini\\antigravity-ide\\brain\\3057f3ef-2b6a-4759-943b-a267c8e3a4ca\\scratch\\debug_course.php(7): Illuminate\\Foundation\\Http\\Kernel->handle(Object(Illuminate\\Http\\Request))
#55 {main}
"} 
[2026-09-22 11:19:27] local.ERROR: Trying to get property 'id' of non-object {"exception":"[object] (ErrorException(code: 0): Trying to get property 'id' of non-object at C:\\Herd\\wakeupict\\app\\Http\\Controllers\\frontend\\theme\\clasic\\AcademicTrainingController.php:29)
[stacktrace]
#0 C:\\Herd\\wakeupict\\app\\Http\\Controllers\\frontend\\theme\\clasic\\AcademicTrainingController.php(29): Illuminate\\Foundation\\Bootstrap\\HandleExceptions->handleError(8, 'Trying to get p...', 'C:\\\\Herd\\\\wakeupi...', 29, Array)
#1 [internal function]: App\\Http\\Controllers\\frontend\\theme\\clasic\\AcademicTrainingController->courseDetails('1')
#2 C:\\Herd\\wakeupict\\vendor\\laravel\\framework\\src\\Illuminate\\Routing\\Controller.php(54): call_user_func_array(Array, Array)
#3 C:\\Herd\\wakeupict\\vendor\\laravel\\framework\\src\\Illuminate\\Routing\\ControllerDispatcher.php(45): Illuminate\\Routing\\Controller->callAction('courseDetails', Array)
#4 C:\\Herd\\wakeupict\\vendor\\laravel\\framework\\src\\Illuminate\\Routing\\Route.php(219): Illuminate\\Routing\\ControllerDispatcher->dispatch(Object(Illuminate\\Routing\\Route), Object(App\\Http\\Controllers\\frontend\\theme\\clasic\\AcademicTrainingController), 'courseDetails')
#5 C:\\Herd\\wakeupict\\vendor\\laravel\\framework\\src\\Illuminate\\Routing\\Route.php(176): Illuminate\\Routing\\Route->runController()
#6 C:\\Herd\\wakeupict\\vendor\\laravel\\framework\\src\\Illuminate\\Routing\\Router.php(680): Illuminate\\Routing\\Route->run()
#7 C:\\Herd\\wakeupict\\vendor\\laravel\\framework\\src\\Illuminate\\Routing\\Pipeline.php(30): Illuminate\\Routing\\Router->Illuminate\\Routing\\{closure}(Object(Illuminate\\Http\\Request))
#8 C:\\Herd\\wakeupict\\app\\Http\\Middleware\\SetLocale.php(47): Illuminate\\Routing\\Pipeline->Illuminate\\Routing\\{closure}(Object(Illuminate\\Http\\Request))
#9 C:\\Herd\\wakeupict\\vendor\\laravel\\framework\\src\\Illuminate\\Pipeline\\Pipeline.php(163): App\\Http\\Middleware\\SetLocale->handle(Object(Illuminate\\Http\\Request), Object(Closure))
#10 C:\\Herd\\wakeupict\\vendor\\laravel\\framework\\src\\Illuminate\\Routing\\Pipeline.php(53): Illuminate\\Pipeline\\Pipeline->Illuminate\\Pipeline\\{closure}(Object(Illuminate\\Http\\Request))
#11 C:\\Herd\\wakeupict\\vendor\\laravel\\framework\\src\\Illuminate\\Routing\\Middleware\\SubstituteBindings.php(41): Illuminate\\Routing\\Pipeline->Illuminate\\Routing\\{closure}(Object(Illuminate\\Http\\Request))
#12 C:\\Herd\\wakeupict\\vendor\\laravel\\framework\\src\\Illuminate\\Pipeline\\Pipeline.php(163): Illuminate\\Routing\\Middleware\\SubstituteBindings->handle(Object(Illuminate\\Http\\Request), Object(Closure))
#13 C:\\Herd\\wakeupict\\vendor\\laravel\\framework\\src\\Illuminate\\Routing\\Pipeline.php(53): Illuminate\\Pipeline\\Pipeline->Illuminate\\Pipeline\\{closure}(Object(Illuminate\\Http\\Request))
#14 C:\\Herd\\wakeupict\\vendor\\laravel\\framework\\src\\Illuminate\\Foundation\\Http\\Middleware\\VerifyCsrfToken.php(75): Illuminate\\Routing\\Pipeline->Illuminate\\Routing\\{closure}(Object(Illuminate\\Http\\Request))
#15 C:\\Herd\\wakeupict\\vendor\\laravel\\framework\\src\\Illuminate\\Pipeline\\Pipeline.php(163): Illuminate\\Foundation\\Http\\Middleware\\VerifyCsrfToken->handle(Object(Illuminate\\Http\\Request), Object(Closure))
#16 C:\\Herd\\wakeupict\\vendor\\laravel\\framework\\src\\Illuminate\\Routing\\Pipeline.php(53): Illuminate\\Pipeline\\Pipeline->Illuminate\\Pipeline\\{closure}(Object(Illuminate\\Http\\Request))
#17 C:\\Herd\\wakeupict\\vendor\\laravel\\framework\\src\\Illuminate\\View\\Middleware\\ShareErrorsFromSession.php(49): Illuminate\\Routing\\Pipeline->Illuminate\\Routing\\{closure}(Object(Illuminate\\Http\\Request))
#18 C:\\Herd\\wakeupict\\vendor\\laravel\\framework\\src\\Illuminate\\Pipeline\\Pipeline.php(163): Illuminate\\View\\Middleware\\ShareErrorsFromSession->handle(Object(Illuminate\\Http\\Request), Object(Closure))
#19 C:\\Herd\\wakeupict\\vendor\\laravel\\framework\\src\\Illuminate\\Routing\\Pipeline.php(53): Illuminate\\Pipeline\\Pipeline->Illuminate\\Pipeline\\{closure}(Object(Illuminate\\Http\\Request))
#20 C:\\Herd\\wakeupict\\vendor\\laravel\\framework\\src\\Illuminate\\Session\\Middleware\\StartSession.php(56): Illuminate\\Routing\\Pipeline->Illuminate\\Routing\\{closure}(Object(Illuminate\\Http\\Request))
#21 C:\\Herd\\wakeupict\\vendor\\laravel\\framework\\src\\Illuminate\\Pipeline\\Pipeline.php(163): Illuminate\\Session\\Middleware\\StartSession->handle(Object(Illuminate\\Http\\Request), Object(Closure))
#22 C:\\Herd\\wakeupict\\vendor\\laravel\\framework\\src\\Illuminate\\Routing\\Pipeline.php(53): Illuminate\\Pipeline\\Pipeline->Illuminate\\Pipeline\\{closure}(Object(Illuminate\\Http\\Request))
#23 C:\\Herd\\wakeupict\\vendor\\laravel\\framework\\src\\Illuminate\\Cookie\\Middleware\\AddQueuedCookiesToResponse.php(37): Illuminate\\Routing\\Pipeline->Illuminate\\Routing\\{closure}(Object(Illuminate\\Http\\Request))
#24 C:\\Herd\\wakeupict\\vendor\\laravel\\framework\\src\\Illuminate\\Pipeline\\Pipeline.php(163): Illuminate\\Cookie\\Middleware\\AddQueuedCookiesToResponse->handle(Object(Illuminate\\Http\\Request), Object(Closure))
#25 C:\\Herd\\wakeupict\\vendor\\laravel\\framework\\src\\Illuminate\\Routing\\Pipeline.php(53): Illuminate\\Pipeline\\Pipeline->Illuminate\\Pipeline\\{closure}(Object(Illuminate\\Http\\Request))
#26 C:\\Herd\\wakeupict\\vendor\\laravel\\framework\\src\\Illuminate\\Cookie\\Middleware\\EncryptCookies.php(66): Illuminate\\Routing\\Pipeline->Illuminate\\Routing\\{closure}(Object(Illuminate\\Http\\Request))
#27 C:\\Herd\\wakeupict\\vendor\\laravel\\framework\\src\\Illuminate\\Pipeline\\Pipeline.php(163): Illuminate\\Cookie\\Middleware\\EncryptCookies->handle(Object(Illuminate\\Http\\Request), Object(Closure))
#28 C:\\Herd\\wakeupict\\vendor\\laravel\\framework\\src\\Illuminate\\Routing\\Pipeline.php(53): Illuminate\\Pipeline\\Pipeline->Illuminate\\Pipeline\\{closure}(Object(Illuminate\\Http\\Request))
#29 C:\\Herd\\wakeupict\\vendor\\laravel\\framework\\src\\Illuminate\\Pipeline\\Pipeline.php(104): Illuminate\\Routing\\Pipeline->Illuminate\\Routing\\{closure}(Object(Illuminate\\Http\\Request))
#30 C:\\Herd\\wakeupict\\vendor\\laravel\\framework\\src\\Illuminate\\Routing\\Router.php(682): Illuminate\\Pipeline\\Pipeline->then(Object(Closure))
#31 C:\\Herd\\wakeupict\\vendor\\laravel\\framework\\src\\Illuminate\\Routing\\Router.php(657): Illuminate\\Routing\\Router->runRouteWithinStack(Object(Illuminate\\Routing\\Route), Object(Illuminate\\Http\\Request))
#32 C:\\Herd\\wakeupict\\vendor\\laravel\\framework\\src\\Illuminate\\Routing\\Router.php(623): Illuminate\\Routing\\Router->runRoute(Object(Illuminate\\Http\\Request), Object(Illuminate\\Routing\\Route))
#33 C:\\Herd\\wakeupict\\vendor\\laravel\\framework\\src\\Illuminate\\Routing\\Router.php(612): Illuminate\\Routing\\Router->dispatchToRoute(Object(Illuminate\\Http\\Request))
#34 C:\\Herd\\wakeupict\\vendor\\laravel\\framework\\src\\Illuminate\\Foundation\\Http\\Kernel.php(176): Illuminate\\Routing\\Router->dispatch(Object(Illuminate\\Http\\Request))
#35 C:\\Herd\\wakeupict\\vendor\\laravel\\framework\\src\\Illuminate\\Routing\\Pipeline.php(30): Illuminate\\Foundation\\Http\\Kernel->Illuminate\\Foundation\\Http\\{closure}(Object(Illuminate\\Http\\Request))
#36 C:\\Herd\\wakeupict\\vendor\\laravel\\framework\\src\\Illuminate\\Foundation\\Http\\Middleware\\TransformsRequest.php(21): Illuminate\\Routing\\Pipeline->Illuminate\\Routing\\{closure}(Object(Illuminate\\Http\\Request))
#37 C:\\Herd\\wakeupict\\vendor\\laravel\\framework\\src\\Illuminate\\Pipeline\\Pipeline.php(163): Illuminate\\Foundation\\Http\\Middleware\\TransformsRequest->handle(Object(Illuminate\\Http\\Request), Object(Closure))
#38 C:\\Herd\\wakeupict\\vendor\\laravel\\framework\\src\\Illuminate\\Routing\\Pipeline.php(53): Illuminate\\Pipeline\\Pipeline->Illuminate\\Pipeline\\{closure}(Object(Illuminate\\Http\\Request))
#39 C:\\Herd\\wakeupict\\vendor\\laravel\\framework\\src\\Illuminate\\Foundation\\Http\\Middleware\\TransformsRequest.php(21): Illuminate\\Routing\\Pipeline->Illuminate\\Routing\\{closure}(Object(Illuminate\\Http\\Request))
#40 C:\\Herd\\wakeupict\\vendor\\laravel\\framework\\src\\Illuminate\\Pipeline\\Pipeline.php(163): Illuminate\\Foundation\\Http\\Middleware\\TransformsRequest->handle(Object(Illuminate\\Http\\Request), Object(Closure))
#41 C:\\Herd\\wakeupict\\vendor\\laravel\\framework\\src\\Illuminate\\Routing\\Pipeline.php(53): Illuminate\\Pipeline\\Pipeline->Illuminate\\Pipeline\\{closure}(Object(Illuminate\\Http\\Request))
#42 C:\\Herd\\wakeupict\\vendor\\laravel\\framework\\src\\Illuminate\\Foundation\\Http\\Middleware\\ValidatePostSize.php(27): Illuminate\\Routing\\Pipeline->Illuminate\\Routing\\{closure}(Object(Illuminate\\Http\\Request))
#43 C:\\Herd\\wakeupict\\vendor\\laravel\\framework\\src\\Illuminate\\Pipeline\\Pipeline.php(163): Illuminate\\Foundation\\Http\\Middleware\\ValidatePostSize->handle(Object(Illuminate\\Http\\Request), Object(Closure))
#44 C:\\Herd\\wakeupict\\vendor\\laravel\\framework\\src\\Illuminate\\Routing\\Pipeline.php(53): Illuminate\\Pipeline\\Pipeline->Illuminate\\Pipeline\\{closure}(Object(Illuminate\\Http\\Request))
#45 C:\\Herd\\wakeupict\\vendor\\laravel\\framework\\src\\Illuminate\\Foundation\\Http\\Middleware\\CheckForMaintenanceMode.php(62): Illuminate\\Routing\\Pipeline->Illuminate\\Routing\\{closure}(Object(Illuminate\\Http\\Request))
#46 C:\\Herd\\wakeupict\\vendor\\laravel\\framework\\src\\Illuminate\\Pipeline\\Pipeline.php(163): Illuminate\\Foundation\\Http\\Middleware\\CheckForMaintenanceMode->handle(Object(Illuminate\\Http\\Request), Object(Closure))
#47 C:\\Herd\\wakeupict\\vendor\\laravel\\framework\\src\\Illuminate\\Routing\\Pipeline.php(53): Illuminate\\Pipeline\\Pipeline->Illuminate\\Pipeline\\{closure}(Object(Illuminate\\Http\\Request))
#48 C:\\Herd\\wakeupict\\vendor\\fideloper\\proxy\\src\\TrustProxies.php(57): Illuminate\\Routing\\Pipeline->Illuminate\\Routing\\{closure}(Object(Illuminate\\Http\\Request))
#49 C:\\Herd\\wakeupict\\vendor\\laravel\\framework\\src\\Illuminate\\Pipeline\\Pipeline.php(163): Fideloper\\Proxy\\TrustProxies->handle(Object(Illuminate\\Http\\Request), Object(Closure))
#50 C:\\Herd\\wakeupict\\vendor\\laravel\\framework\\src\\Illuminate\\Routing\\Pipeline.php(53): Illuminate\\Pipeline\\Pipeline->Illuminate\\Pipeline\\{closure}(Object(Illuminate\\Http\\Request))
#51 C:\\Herd\\wakeupict\\vendor\\laravel\\framework\\src\\Illuminate\\Pipeline\\Pipeline.php(104): Illuminate\\Routing\\Pipeline->Illuminate\\Routing\\{closure}(Object(Illuminate\\Http\\Request))
#52 C:\\Herd\\wakeupict\\vendor\\laravel\\framework\\src\\Illuminate\\Foundation\\Http\\Kernel.php(151): Illuminate\\Pipeline\\Pipeline->then(Object(Closure))
#53 C:\\Herd\\wakeupict\\vendor\\laravel\\framework\\src\\Illuminate\\Foundation\\Http\\Kernel.php(116): Illuminate\\Foundation\\Http\\Kernel->sendRequestThroughRouter(Object(Illuminate\\Http\\Request))
#54 C:\\Users\\Wake Up ICT\\.gemini\\antigravity-ide\\brain\\3057f3ef-2b6a-4759-943b-a267c8e3a4ca\\scratch\\debug_course.php(7): Illuminate\\Foundation\\Http\\Kernel->handle(Object(Illuminate\\Http\\Request))
#55 {main}
"} 
[2026-09-22 11:49:28] local.ERROR: Class request does not exist {"exception":"[object] (ReflectionException(code: -1): Class request does not exist at C:\\Herd\\wakeupict\\vendor\\laravel\\framework\\src\\Illuminate\\Container\\Container.php:788)
[stacktrace]
#0 C:\\Herd\\wakeupict\\vendor\\laravel\\framework\\src\\Illuminate\\Container\\Container.php(788): ReflectionClass->__construct('request')
#1 C:\\Herd\\wakeupict\\vendor\\laravel\\framework\\src\\Illuminate\\Container\\Container.php(667): Illuminate\\Container\\Container->build('request')
#2 C:\\Herd\\wakeupict\\vendor\\laravel\\framework\\src\\Illuminate\\Container\\Container.php(615): Illuminate\\Container\\Container->resolve('request', Array)
#3 C:\\Herd\\wakeupict\\vendor\\laravel\\framework\\src\\Illuminate\\Foundation\\Application.php(767): Illuminate\\Container\\Container->make('request', Array)
#4 C:\\Herd\\wakeupict\\vendor\\laravel\\framework\\src\\Illuminate\\Container\\Container.php(1227): Illuminate\\Foundation\\Application->make('request')
#5 C:\\Herd\\wakeupict\\vendor\\beyondcode\\laravel-dump-server\\src\\DumpServerServiceProvider.php(48): Illuminate\\Container\\Container->offsetGet('request')
#6 C:\\Herd\\wakeupict\\vendor\\laravel\\framework\\src\\Illuminate\\Foundation\\Application.php(607): BeyondCode\\DumpServer\\DumpServerServiceProvider->register()
#7 C:\\Herd\\wakeupict\\vendor\\laravel\\framework\\src\\Illuminate\\Foundation\\ProviderRepository.php(75): Illuminate\\Foundation\\Application->register(Object(BeyondCode\\DumpServer\\DumpServerServiceProvider))
#8 C:\\Herd\\wakeupict\\vendor\\laravel\\framework\\src\\Illuminate\\Foundation\\Application.php(584): Illuminate\\Foundation\\ProviderRepository->load(Array)
#9 C:\\Herd\\wakeupict\\vendor\\laravel\\framework\\src\\Illuminate\\Foundation\\Bootstrap\\RegisterProviders.php(17): Illuminate\\Foundation\\Application->registerConfiguredProviders()
#10 C:\\Herd\\wakeupict\\vendor\\laravel\\framework\\src\\Illuminate\\Foundation\\Application.php(210): Illuminate\\Foundation\\Bootstrap\\RegisterProviders->bootstrap(Object(Illuminate\\Foundation\\Application))
#11 C:\\Herd\\wakeupict\\vendor\\laravel\\framework\\src\\Illuminate\\Foundation\\Http\\Kernel.php(162): Illuminate\\Foundation\\Application->bootstrapWith(Array)
#12 C:\\Users\\Wake Up ICT\\.gemini\\antigravity-ide\\brain\\3057f3ef-2b6a-4759-943b-a267c8e3a4ca\\scratch\\test_admin_preloader.php(5): Illuminate\\Foundation\\Http\\Kernel->bootstrap()
#13 {main}
"} 
[2026-09-22 11:49:40] local.ERROR: Class request does not exist {"exception":"[object] (ReflectionException(code: -1): Class request does not exist at C:\\Herd\\wakeupict\\vendor\\laravel\\framework\\src\\Illuminate\\Container\\Container.php:788)
[stacktrace]
#0 C:\\Herd\\wakeupict\\vendor\\laravel\\framework\\src\\Illuminate\\Container\\Container.php(788): ReflectionClass->__construct('request')
#1 C:\\Herd\\wakeupict\\vendor\\laravel\\framework\\src\\Illuminate\\Container\\Container.php(667): Illuminate\\Container\\Container->build('request')
#2 C:\\Herd\\wakeupict\\vendor\\laravel\\framework\\src\\Illuminate\\Container\\Container.php(615): Illuminate\\Container\\Container->resolve('request', Array)
#3 C:\\Herd\\wakeupict\\vendor\\laravel\\framework\\src\\Illuminate\\Foundation\\Application.php(767): Illuminate\\Container\\Container->make('request', Array)
#4 C:\\Herd\\wakeupict\\vendor\\laravel\\framework\\src\\Illuminate\\Container\\Container.php(1227): Illuminate\\Foundation\\Application->make('request')
#5 C:\\Herd\\wakeupict\\vendor\\beyondcode\\laravel-dump-server\\src\\DumpServerServiceProvider.php(48): Illuminate\\Container\\Container->offsetGet('request')
#6 C:\\Herd\\wakeupict\\vendor\\laravel\\framework\\src\\Illuminate\\Foundation\\Application.php(607): BeyondCode\\DumpServer\\DumpServerServiceProvider->register()
#7 C:\\Herd\\wakeupict\\vendor\\laravel\\framework\\src\\Illuminate\\Foundation\\ProviderRepository.php(75): Illuminate\\Foundation\\Application->register(Object(BeyondCode\\DumpServer\\DumpServerServiceProvider))
#8 C:\\Herd\\wakeupict\\vendor\\laravel\\framework\\src\\Illuminate\\Foundation\\Application.php(584): Illuminate\\Foundation\\ProviderRepository->load(Array)
#9 C:\\Herd\\wakeupict\\vendor\\laravel\\framework\\src\\Illuminate\\Foundation\\Bootstrap\\RegisterProviders.php(17): Illuminate\\Foundation\\Application->registerConfiguredProviders()
#10 C:\\Herd\\wakeupict\\vendor\\laravel\\framework\\src\\Illuminate\\Foundation\\Application.php(210): Illuminate\\Foundation\\Bootstrap\\RegisterProviders->bootstrap(Object(Illuminate\\Foundation\\Application))
#11 C:\\Herd\\wakeupict\\vendor\\laravel\\framework\\src\\Illuminate\\Foundation\\Http\\Kernel.php(162): Illuminate\\Foundation\\Application->bootstrapWith(Array)
#12 C:\\Users\\Wake Up ICT\\.gemini\\antigravity-ide\\brain\\3057f3ef-2b6a-4759-943b-a267c8e3a4ca\\scratch\\test_admin_preloader.php(5): Illuminate\\Foundation\\Http\\Kernel->bootstrap()
#13 {main}
"} 
